date_key,date_day,year,quarter,quarter_name,month_number,month_name,month_short,year_month,month_start_date,week_of_year,day_of_week_number,day_of_week_name,is_weekend
20181231,2018-12-31,2018,4,Q4,12,December,Dec,2018-12,2018-12-01,1,1,Monday,false
20181230,2018-12-30,2018,4,Q4,12,December,Dec,2018-12,2018-12-01,52,7,Sunday,true
20181229,2018-12-29,2018,4,Q4,12,December,Dec,2018-12,2018-12-01,52,6,Saturday,true
20181228,2018-12-28,2018,4,Q4,12,December,Dec,2018-12,2018-12-01,52,5,Friday,false
20181227,2018-12-27,2018,4,Q4,12,December,Dec,2018-12,2018-12-01,52,4,Thursday,false
20181226,2018-12-26,2018,4,Q4,12,December,Dec,2018-12,2018-12-01,52,3,Wednesday,false
20181225,2018-12-25,2018,4,Q4,12,December,Dec,2018-12,2018-12-01,52,2,Tuesday,false
20181224,2018-12-24,2018,4,Q4,12,December,Dec,2018-12,2018-12-01,52,1,Monday,false
20181223,2018-12-23,2018,4,Q4,12,December,Dec,2018-12,2018-12-01,51,7,Sunday,true
20181222,2018-12-22,2018,4,Q4,12,December,Dec,2018-12,2018-12-01,51,6,Saturday,true
20181221,2018-12-21,2018,4,Q4,12,December,Dec,2018-12,2018-12-01,51,5,Friday,false
20181220,2018-12-20,2018,4,Q4,12,December,Dec,2018-12,2018-12-01,51,4,Thursday,false
20181219,2018-12-19,2018,4,Q4,12,December,Dec,2018-12,2018-12-01,51,3,Wednesday,false
20181218,2018-12-18,2018,4,Q4,12,December,Dec,2018-12,2018-12-01,51,2,Tuesday,false
20181217,2018-12-17,2018,4,Q4,12,December,Dec,2018-12,2018-12-01,51,1,Monday,false
20181216,2018-12-16,2018,4,Q4,12,December,Dec,2018-12,2018-12-01,50,7,Sunday,true
20181215,2018-12-15,2018,4,Q4,12,December,Dec,2018-12,2018-12-01,50,6,Saturday,true
20181214,2018-12-14,2018,4,Q4,12,December,Dec,2018-12,2018-12-01,50,5,Friday,false
20181213,2018-12-13,2018,4,Q4,12,December,Dec,2018-12,2018-12-01,50,4,Thursday,false
20181212,2018-12-12,2018,4,Q4,12,December,Dec,2018-12,2018-12-01,50,3,Wednesday,false
20181211,2018-12-11,2018,4,Q4,12,December,Dec,2018-12,2018-12-01,50,2,Tuesday,false
20181210,2018-12-10,2018,4,Q4,12,December,Dec,2018-12,2018-12-01,50,1,Monday,false
20181209,2018-12-09,2018,4,Q4,12,December,Dec,2018-12,2018-12-01,49,7,Sunday,true
20181208,2018-12-08,2018,4,Q4,12,December,Dec,2018-12,2018-12-01,49,6,Saturday,true
20181207,2018-12-07,2018,4,Q4,12,December,Dec,2018-12,2018-12-01,49,5,Friday,false
20181206,2018-12-06,2018,4,Q4,12,December,Dec,2018-12,2018-12-01,49,4,Thursday,false
20181205,2018-12-05,2018,4,Q4,12,December,Dec,2018-12,2018-12-01,49,3,Wednesday,false
20181204,2018-12-04,2018,4,Q4,12,December,Dec,2018-12,2018-12-01,49,2,Tuesday,false
20181203,2018-12-03,2018,4,Q4,12,December,Dec,2018-12,2018-12-01,49,1,Monday,false
20181202,2018-12-02,2018,4,Q4,12,December,Dec,2018-12,2018-12-01,48,7,Sunday,true
20181201,2018-12-01,2018,4,Q4,12,December,Dec,2018-12,2018-12-01,48,6,Saturday,true
20181130,2018-11-30,2018,4,Q4,11,November,Nov,2018-11,2018-11-01,48,5,Friday,false
20181129,2018-11-29,2018,4,Q4,11,November,Nov,2018-11,2018-11-01,48,4,Thursday,false
20181128,2018-11-28,2018,4,Q4,11,November,Nov,2018-11,2018-11-01,48,3,Wednesday,false
20181127,2018-11-27,2018,4,Q4,11,November,Nov,2018-11,2018-11-01,48,2,Tuesday,false
20181126,2018-11-26,2018,4,Q4,11,November,Nov,2018-11,2018-11-01,48,1,Monday,false
20181125,2018-11-25,2018,4,Q4,11,November,Nov,2018-11,2018-11-01,47,7,Sunday,true
20181124,2018-11-24,2018,4,Q4,11,November,Nov,2018-11,2018-11-01,47,6,Saturday,true
20181123,2018-11-23,2018,4,Q4,11,November,Nov,2018-11,2018-11-01,47,5,Friday,false
20181122,2018-11-22,2018,4,Q4,11,November,Nov,2018-11,2018-11-01,47,4,Thursday,false
20181121,2018-11-21,2018,4,Q4,11,November,Nov,2018-11,2018-11-01,47,3,Wednesday,false
20181120,2018-11-20,2018,4,Q4,11,November,Nov,2018-11,2018-11-01,47,2,Tuesday,false
20181119,2018-11-19,2018,4,Q4,11,November,Nov,2018-11,2018-11-01,47,1,Monday,false
20181118,2018-11-18,2018,4,Q4,11,November,Nov,2018-11,2018-11-01,46,7,Sunday,true
20181117,2018-11-17,2018,4,Q4,11,November,Nov,2018-11,2018-11-01,46,6,Saturday,true
20181116,2018-11-16,2018,4,Q4,11,November,Nov,2018-11,2018-11-01,46,5,Friday,false
20181115,2018-11-15,2018,4,Q4,11,November,Nov,2018-11,2018-11-01,46,4,Thursday,false
20181114,2018-11-14,2018,4,Q4,11,November,Nov,2018-11,2018-11-01,46,3,Wednesday,false
20181113,2018-11-13,2018,4,Q4,11,November,Nov,2018-11,2018-11-01,46,2,Tuesday,false
20181112,2018-11-12,2018,4,Q4,11,November,Nov,2018-11,2018-11-01,46,1,Monday,false
20181111,2018-11-11,2018,4,Q4,11,November,Nov,2018-11,2018-11-01,45,7,Sunday,true
20181110,2018-11-10,2018,4,Q4,11,November,Nov,2018-11,2018-11-01,45,6,Saturday,true
20181109,2018-11-09,2018,4,Q4,11,November,Nov,2018-11,2018-11-01,45,5,Friday,false
20181108,2018-11-08,2018,4,Q4,11,November,Nov,2018-11,2018-11-01,45,4,Thursday,false
20181107,2018-11-07,2018,4,Q4,11,November,Nov,2018-11,2018-11-01,45,3,Wednesday,false
20181106,2018-11-06,2018,4,Q4,11,November,Nov,2018-11,2018-11-01,45,2,Tuesday,false
20181105,2018-11-05,2018,4,Q4,11,November,Nov,2018-11,2018-11-01,45,1,Monday,false
20181104,2018-11-04,2018,4,Q4,11,November,Nov,2018-11,2018-11-01,44,7,Sunday,true
20181103,2018-11-03,2018,4,Q4,11,November,Nov,2018-11,2018-11-01,44,6,Saturday,true
20181102,2018-11-02,2018,4,Q4,11,November,Nov,2018-11,2018-11-01,44,5,Friday,false
20181101,2018-11-01,2018,4,Q4,11,November,Nov,2018-11,2018-11-01,44,4,Thursday,false
20181031,2018-10-31,2018,4,Q4,10,October,Oct,2018-10,2018-10-01,44,3,Wednesday,false
20181030,2018-10-30,2018,4,Q4,10,October,Oct,2018-10,2018-10-01,44,2,Tuesday,false
20181029,2018-10-29,2018,4,Q4,10,October,Oct,2018-10,2018-10-01,44,1,Monday,false
20181028,2018-10-28,2018,4,Q4,10,October,Oct,2018-10,2018-10-01,43,7,Sunday,true
20181027,2018-10-27,2018,4,Q4,10,October,Oct,2018-10,2018-10-01,43,6,Saturday,true
20181026,2018-10-26,2018,4,Q4,10,October,Oct,2018-10,2018-10-01,43,5,Friday,false
20181025,2018-10-25,2018,4,Q4,10,October,Oct,2018-10,2018-10-01,43,4,Thursday,false
20181024,2018-10-24,2018,4,Q4,10,October,Oct,2018-10,2018-10-01,43,3,Wednesday,false
20181023,2018-10-23,2018,4,Q4,10,October,Oct,2018-10,2018-10-01,43,2,Tuesday,false
20181022,2018-10-22,2018,4,Q4,10,October,Oct,2018-10,2018-10-01,43,1,Monday,false
20181021,2018-10-21,2018,4,Q4,10,October,Oct,2018-10,2018-10-01,42,7,Sunday,true
20181020,2018-10-20,2018,4,Q4,10,October,Oct,2018-10,2018-10-01,42,6,Saturday,true
20181019,2018-10-19,2018,4,Q4,10,October,Oct,2018-10,2018-10-01,42,5,Friday,false
20181018,2018-10-18,2018,4,Q4,10,October,Oct,2018-10,2018-10-01,42,4,Thursday,false
20181017,2018-10-17,2018,4,Q4,10,October,Oct,2018-10,2018-10-01,42,3,Wednesday,false
20181016,2018-10-16,2018,4,Q4,10,October,Oct,2018-10,2018-10-01,42,2,Tuesday,false
20181015,2018-10-15,2018,4,Q4,10,October,Oct,2018-10,2018-10-01,42,1,Monday,false
20181014,2018-10-14,2018,4,Q4,10,October,Oct,2018-10,2018-10-01,41,7,Sunday,true
20181013,2018-10-13,2018,4,Q4,10,October,Oct,2018-10,2018-10-01,41,6,Saturday,true
20181012,2018-10-12,2018,4,Q4,10,October,Oct,2018-10,2018-10-01,41,5,Friday,false
20181011,2018-10-11,2018,4,Q4,10,October,Oct,2018-10,2018-10-01,41,4,Thursday,false
20181010,2018-10-10,2018,4,Q4,10,October,Oct,2018-10,2018-10-01,41,3,Wednesday,false
20181009,2018-10-09,2018,4,Q4,10,October,Oct,2018-10,2018-10-01,41,2,Tuesday,false
20181008,2018-10-08,2018,4,Q4,10,October,Oct,2018-10,2018-10-01,41,1,Monday,false
20181007,2018-10-07,2018,4,Q4,10,October,Oct,2018-10,2018-10-01,40,7,Sunday,true
20181006,2018-10-06,2018,4,Q4,10,October,Oct,2018-10,2018-10-01,40,6,Saturday,true
20181005,2018-10-05,2018,4,Q4,10,October,Oct,2018-10,2018-10-01,40,5,Friday,false
20181004,2018-10-04,2018,4,Q4,10,October,Oct,2018-10,2018-10-01,40,4,Thursday,false
20181003,2018-10-03,2018,4,Q4,10,October,Oct,2018-10,2018-10-01,40,3,Wednesday,false
20181002,2018-10-02,2018,4,Q4,10,October,Oct,2018-10,2018-10-01,40,2,Tuesday,false
20181001,2018-10-01,2018,4,Q4,10,October,Oct,2018-10,2018-10-01,40,1,Monday,false
20180930,2018-09-30,2018,3,Q3,9,September,Sep,2018-09,2018-09-01,39,7,Sunday,true
20180929,2018-09-29,2018,3,Q3,9,September,Sep,2018-09,2018-09-01,39,6,Saturday,true
20180928,2018-09-28,2018,3,Q3,9,September,Sep,2018-09,2018-09-01,39,5,Friday,false
20180927,2018-09-27,2018,3,Q3,9,September,Sep,2018-09,2018-09-01,39,4,Thursday,false
20180926,2018-09-26,2018,3,Q3,9,September,Sep,2018-09,2018-09-01,39,3,Wednesday,false
20180925,2018-09-25,2018,3,Q3,9,September,Sep,2018-09,2018-09-01,39,2,Tuesday,false
20180924,2018-09-24,2018,3,Q3,9,September,Sep,2018-09,2018-09-01,39,1,Monday,false
20180923,2018-09-23,2018,3,Q3,9,September,Sep,2018-09,2018-09-01,38,7,Sunday,true
20180922,2018-09-22,2018,3,Q3,9,September,Sep,2018-09,2018-09-01,38,6,Saturday,true
20180921,2018-09-21,2018,3,Q3,9,September,Sep,2018-09,2018-09-01,38,5,Friday,false
20180920,2018-09-20,2018,3,Q3,9,September,Sep,2018-09,2018-09-01,38,4,Thursday,false
20180919,2018-09-19,2018,3,Q3,9,September,Sep,2018-09,2018-09-01,38,3,Wednesday,false
20180918,2018-09-18,2018,3,Q3,9,September,Sep,2018-09,2018-09-01,38,2,Tuesday,false
20180917,2018-09-17,2018,3,Q3,9,September,Sep,2018-09,2018-09-01,38,1,Monday,false
20180916,2018-09-16,2018,3,Q3,9,September,Sep,2018-09,2018-09-01,37,7,Sunday,true
20180915,2018-09-15,2018,3,Q3,9,September,Sep,2018-09,2018-09-01,37,6,Saturday,true
20180914,2018-09-14,2018,3,Q3,9,September,Sep,2018-09,2018-09-01,37,5,Friday,false
20180913,2018-09-13,2018,3,Q3,9,September,Sep,2018-09,2018-09-01,37,4,Thursday,false
20180912,2018-09-12,2018,3,Q3,9,September,Sep,2018-09,2018-09-01,37,3,Wednesday,false
20180911,2018-09-11,2018,3,Q3,9,September,Sep,2018-09,2018-09-01,37,2,Tuesday,false
20180910,2018-09-10,2018,3,Q3,9,September,Sep,2018-09,2018-09-01,37,1,Monday,false
20180909,2018-09-09,2018,3,Q3,9,September,Sep,2018-09,2018-09-01,36,7,Sunday,true
20180908,2018-09-08,2018,3,Q3,9,September,Sep,2018-09,2018-09-01,36,6,Saturday,true
20180907,2018-09-07,2018,3,Q3,9,September,Sep,2018-09,2018-09-01,36,5,Friday,false
20180906,2018-09-06,2018,3,Q3,9,September,Sep,2018-09,2018-09-01,36,4,Thursday,false
20180905,2018-09-05,2018,3,Q3,9,September,Sep,2018-09,2018-09-01,36,3,Wednesday,false
20180904,2018-09-04,2018,3,Q3,9,September,Sep,2018-09,2018-09-01,36,2,Tuesday,false
20180903,2018-09-03,2018,3,Q3,9,September,Sep,2018-09,2018-09-01,36,1,Monday,false
20180902,2018-09-02,2018,3,Q3,9,September,Sep,2018-09,2018-09-01,35,7,Sunday,true
20180901,2018-09-01,2018,3,Q3,9,September,Sep,2018-09,2018-09-01,35,6,Saturday,true
20180831,2018-08-31,2018,3,Q3,8,August,Aug,2018-08,2018-08-01,35,5,Friday,false
20180830,2018-08-30,2018,3,Q3,8,August,Aug,2018-08,2018-08-01,35,4,Thursday,false
20180829,2018-08-29,2018,3,Q3,8,August,Aug,2018-08,2018-08-01,35,3,Wednesday,false
20180828,2018-08-28,2018,3,Q3,8,August,Aug,2018-08,2018-08-01,35,2,Tuesday,false
20180827,2018-08-27,2018,3,Q3,8,August,Aug,2018-08,2018-08-01,35,1,Monday,false
20180826,2018-08-26,2018,3,Q3,8,August,Aug,2018-08,2018-08-01,34,7,Sunday,true
20180825,2018-08-25,2018,3,Q3,8,August,Aug,2018-08,2018-08-01,34,6,Saturday,true
20180824,2018-08-24,2018,3,Q3,8,August,Aug,2018-08,2018-08-01,34,5,Friday,false
20180823,2018-08-23,2018,3,Q3,8,August,Aug,2018-08,2018-08-01,34,4,Thursday,false
20180822,2018-08-22,2018,3,Q3,8,August,Aug,2018-08,2018-08-01,34,3,Wednesday,false
20180821,2018-08-21,2018,3,Q3,8,August,Aug,2018-08,2018-08-01,34,2,Tuesday,false
20180820,2018-08-20,2018,3,Q3,8,August,Aug,2018-08,2018-08-01,34,1,Monday,false
20180819,2018-08-19,2018,3,Q3,8,August,Aug,2018-08,2018-08-01,33,7,Sunday,true
20180818,2018-08-18,2018,3,Q3,8,August,Aug,2018-08,2018-08-01,33,6,Saturday,true
20180817,2018-08-17,2018,3,Q3,8,August,Aug,2018-08,2018-08-01,33,5,Friday,false
20180816,2018-08-16,2018,3,Q3,8,August,Aug,2018-08,2018-08-01,33,4,Thursday,false
20180815,2018-08-15,2018,3,Q3,8,August,Aug,2018-08,2018-08-01,33,3,Wednesday,false
20180814,2018-08-14,2018,3,Q3,8,August,Aug,2018-08,2018-08-01,33,2,Tuesday,false
20180813,2018-08-13,2018,3,Q3,8,August,Aug,2018-08,2018-08-01,33,1,Monday,false
20180812,2018-08-12,2018,3,Q3,8,August,Aug,2018-08,2018-08-01,32,7,Sunday,true
20180811,2018-08-11,2018,3,Q3,8,August,Aug,2018-08,2018-08-01,32,6,Saturday,true
20180810,2018-08-10,2018,3,Q3,8,August,Aug,2018-08,2018-08-01,32,5,Friday,false
20180809,2018-08-09,2018,3,Q3,8,August,Aug,2018-08,2018-08-01,32,4,Thursday,false
20180808,2018-08-08,2018,3,Q3,8,August,Aug,2018-08,2018-08-01,32,3,Wednesday,false
20180807,2018-08-07,2018,3,Q3,8,August,Aug,2018-08,2018-08-01,32,2,Tuesday,false
20180806,2018-08-06,2018,3,Q3,8,August,Aug,2018-08,2018-08-01,32,1,Monday,false
20180805,2018-08-05,2018,3,Q3,8,August,Aug,2018-08,2018-08-01,31,7,Sunday,true
20180804,2018-08-04,2018,3,Q3,8,August,Aug,2018-08,2018-08-01,31,6,Saturday,true
20180803,2018-08-03,2018,3,Q3,8,August,Aug,2018-08,2018-08-01,31,5,Friday,false
20180802,2018-08-02,2018,3,Q3,8,August,Aug,2018-08,2018-08-01,31,4,Thursday,false
20180801,2018-08-01,2018,3,Q3,8,August,Aug,2018-08,2018-08-01,31,3,Wednesday,false
20180731,2018-07-31,2018,3,Q3,7,July,Jul,2018-07,2018-07-01,31,2,Tuesday,false
20180730,2018-07-30,2018,3,Q3,7,July,Jul,2018-07,2018-07-01,31,1,Monday,false
20180729,2018-07-29,2018,3,Q3,7,July,Jul,2018-07,2018-07-01,30,7,Sunday,true
20180728,2018-07-28,2018,3,Q3,7,July,Jul,2018-07,2018-07-01,30,6,Saturday,true
20180727,2018-07-27,2018,3,Q3,7,July,Jul,2018-07,2018-07-01,30,5,Friday,false
20180726,2018-07-26,2018,3,Q3,7,July,Jul,2018-07,2018-07-01,30,4,Thursday,false
20180725,2018-07-25,2018,3,Q3,7,July,Jul,2018-07,2018-07-01,30,3,Wednesday,false
20180724,2018-07-24,2018,3,Q3,7,July,Jul,2018-07,2018-07-01,30,2,Tuesday,false
20180723,2018-07-23,2018,3,Q3,7,July,Jul,2018-07,2018-07-01,30,1,Monday,false
20180722,2018-07-22,2018,3,Q3,7,July,Jul,2018-07,2018-07-01,29,7,Sunday,true
20180721,2018-07-21,2018,3,Q3,7,July,Jul,2018-07,2018-07-01,29,6,Saturday,true
20180720,2018-07-20,2018,3,Q3,7,July,Jul,2018-07,2018-07-01,29,5,Friday,false
20180719,2018-07-19,2018,3,Q3,7,July,Jul,2018-07,2018-07-01,29,4,Thursday,false
20180718,2018-07-18,2018,3,Q3,7,July,Jul,2018-07,2018-07-01,29,3,Wednesday,false
20180717,2018-07-17,2018,3,Q3,7,July,Jul,2018-07,2018-07-01,29,2,Tuesday,false
20180716,2018-07-16,2018,3,Q3,7,July,Jul,2018-07,2018-07-01,29,1,Monday,false
20180715,2018-07-15,2018,3,Q3,7,July,Jul,2018-07,2018-07-01,28,7,Sunday,true
20180714,2018-07-14,2018,3,Q3,7,July,Jul,2018-07,2018-07-01,28,6,Saturday,true
20180713,2018-07-13,2018,3,Q3,7,July,Jul,2018-07,2018-07-01,28,5,Friday,false
20180712,2018-07-12,2018,3,Q3,7,July,Jul,2018-07,2018-07-01,28,4,Thursday,false
20180711,2018-07-11,2018,3,Q3,7,July,Jul,2018-07,2018-07-01,28,3,Wednesday,false
20180710,2018-07-10,2018,3,Q3,7,July,Jul,2018-07,2018-07-01,28,2,Tuesday,false
20180709,2018-07-09,2018,3,Q3,7,July,Jul,2018-07,2018-07-01,28,1,Monday,false
20180708,2018-07-08,2018,3,Q3,7,July,Jul,2018-07,2018-07-01,27,7,Sunday,true
20180707,2018-07-07,2018,3,Q3,7,July,Jul,2018-07,2018-07-01,27,6,Saturday,true
20180706,2018-07-06,2018,3,Q3,7,July,Jul,2018-07,2018-07-01,27,5,Friday,false
20180705,2018-07-05,2018,3,Q3,7,July,Jul,2018-07,2018-07-01,27,4,Thursday,false
20180704,2018-07-04,2018,3,Q3,7,July,Jul,2018-07,2018-07-01,27,3,Wednesday,false
20180703,2018-07-03,2018,3,Q3,7,July,Jul,2018-07,2018-07-01,27,2,Tuesday,false
20180702,2018-07-02,2018,3,Q3,7,July,Jul,2018-07,2018-07-01,27,1,Monday,false
20180701,2018-07-01,2018,3,Q3,7,July,Jul,2018-07,2018-07-01,26,7,Sunday,true
20180630,2018-06-30,2018,2,Q2,6,June,Jun,2018-06,2018-06-01,26,6,Saturday,true
20180629,2018-06-29,2018,2,Q2,6,June,Jun,2018-06,2018-06-01,26,5,Friday,false
20180628,2018-06-28,2018,2,Q2,6,June,Jun,2018-06,2018-06-01,26,4,Thursday,false
20180627,2018-06-27,2018,2,Q2,6,June,Jun,2018-06,2018-06-01,26,3,Wednesday,false
20180626,2018-06-26,2018,2,Q2,6,June,Jun,2018-06,2018-06-01,26,2,Tuesday,false
20180625,2018-06-25,2018,2,Q2,6,June,Jun,2018-06,2018-06-01,26,1,Monday,false
20180624,2018-06-24,2018,2,Q2,6,June,Jun,2018-06,2018-06-01,25,7,Sunday,true
20180623,2018-06-23,2018,2,Q2,6,June,Jun,2018-06,2018-06-01,25,6,Saturday,true
20180622,2018-06-22,2018,2,Q2,6,June,Jun,2018-06,2018-06-01,25,5,Friday,false
20180621,2018-06-21,2018,2,Q2,6,June,Jun,2018-06,2018-06-01,25,4,Thursday,false
20180620,2018-06-20,2018,2,Q2,6,June,Jun,2018-06,2018-06-01,25,3,Wednesday,false
20180619,2018-06-19,2018,2,Q2,6,June,Jun,2018-06,2018-06-01,25,2,Tuesday,false
20180618,2018-06-18,2018,2,Q2,6,June,Jun,2018-06,2018-06-01,25,1,Monday,false
20180617,2018-06-17,2018,2,Q2,6,June,Jun,2018-06,2018-06-01,24,7,Sunday,true
20180616,2018-06-16,2018,2,Q2,6,June,Jun,2018-06,2018-06-01,24,6,Saturday,true
20180615,2018-06-15,2018,2,Q2,6,June,Jun,2018-06,2018-06-01,24,5,Friday,false
20180614,2018-06-14,2018,2,Q2,6,June,Jun,2018-06,2018-06-01,24,4,Thursday,false
20180613,2018-06-13,2018,2,Q2,6,June,Jun,2018-06,2018-06-01,24,3,Wednesday,false
20180612,2018-06-12,2018,2,Q2,6,June,Jun,2018-06,2018-06-01,24,2,Tuesday,false
20180611,2018-06-11,2018,2,Q2,6,June,Jun,2018-06,2018-06-01,24,1,Monday,false
20180610,2018-06-10,2018,2,Q2,6,June,Jun,2018-06,2018-06-01,23,7,Sunday,true
20180609,2018-06-09,2018,2,Q2,6,June,Jun,2018-06,2018-06-01,23,6,Saturday,true
20180608,2018-06-08,2018,2,Q2,6,June,Jun,2018-06,2018-06-01,23,5,Friday,false
20180607,2018-06-07,2018,2,Q2,6,June,Jun,2018-06,2018-06-01,23,4,Thursday,false
20180606,2018-06-06,2018,2,Q2,6,June,Jun,2018-06,2018-06-01,23,3,Wednesday,false
20180605,2018-06-05,2018,2,Q2,6,June,Jun,2018-06,2018-06-01,23,2,Tuesday,false
20180604,2018-06-04,2018,2,Q2,6,June,Jun,2018-06,2018-06-01,23,1,Monday,false
20180603,2018-06-03,2018,2,Q2,6,June,Jun,2018-06,2018-06-01,22,7,Sunday,true
20180602,2018-06-02,2018,2,Q2,6,June,Jun,2018-06,2018-06-01,22,6,Saturday,true
20180601,2018-06-01,2018,2,Q2,6,June,Jun,2018-06,2018-06-01,22,5,Friday,false
20180531,2018-05-31,2018,2,Q2,5,May,May,2018-05,2018-05-01,22,4,Thursday,false
20180530,2018-05-30,2018,2,Q2,5,May,May,2018-05,2018-05-01,22,3,Wednesday,false
20180529,2018-05-29,2018,2,Q2,5,May,May,2018-05,2018-05-01,22,2,Tuesday,false
20180528,2018-05-28,2018,2,Q2,5,May,May,2018-05,2018-05-01,22,1,Monday,false
20180527,2018-05-27,2018,2,Q2,5,May,May,2018-05,2018-05-01,21,7,Sunday,true
20180526,2018-05-26,2018,2,Q2,5,May,May,2018-05,2018-05-01,21,6,Saturday,true
20180525,2018-05-25,2018,2,Q2,5,May,May,2018-05,2018-05-01,21,5,Friday,false
20180524,2018-05-24,2018,2,Q2,5,May,May,2018-05,2018-05-01,21,4,Thursday,false
20180523,2018-05-23,2018,2,Q2,5,May,May,2018-05,2018-05-01,21,3,Wednesday,false
20180522,2018-05-22,2018,2,Q2,5,May,May,2018-05,2018-05-01,21,2,Tuesday,false
20180521,2018-05-21,2018,2,Q2,5,May,May,2018-05,2018-05-01,21,1,Monday,false
20180520,2018-05-20,2018,2,Q2,5,May,May,2018-05,2018-05-01,20,7,Sunday,true
20180519,2018-05-19,2018,2,Q2,5,May,May,2018-05,2018-05-01,20,6,Saturday,true
20180518,2018-05-18,2018,2,Q2,5,May,May,2018-05,2018-05-01,20,5,Friday,false
20180517,2018-05-17,2018,2,Q2,5,May,May,2018-05,2018-05-01,20,4,Thursday,false
20180516,2018-05-16,2018,2,Q2,5,May,May,2018-05,2018-05-01,20,3,Wednesday,false
20180515,2018-05-15,2018,2,Q2,5,May,May,2018-05,2018-05-01,20,2,Tuesday,false
20180514,2018-05-14,2018,2,Q2,5,May,May,2018-05,2018-05-01,20,1,Monday,false
20180513,2018-05-13,2018,2,Q2,5,May,May,2018-05,2018-05-01,19,7,Sunday,true
20180512,2018-05-12,2018,2,Q2,5,May,May,2018-05,2018-05-01,19,6,Saturday,true
20180511,2018-05-11,2018,2,Q2,5,May,May,2018-05,2018-05-01,19,5,Friday,false
20180510,2018-05-10,2018,2,Q2,5,May,May,2018-05,2018-05-01,19,4,Thursday,false
20180509,2018-05-09,2018,2,Q2,5,May,May,2018-05,2018-05-01,19,3,Wednesday,false
20180508,2018-05-08,2018,2,Q2,5,May,May,2018-05,2018-05-01,19,2,Tuesday,false
20180507,2018-05-07,2018,2,Q2,5,May,May,2018-05,2018-05-01,19,1,Monday,false
20180506,2018-05-06,2018,2,Q2,5,May,May,2018-05,2018-05-01,18,7,Sunday,true
20180505,2018-05-05,2018,2,Q2,5,May,May,2018-05,2018-05-01,18,6,Saturday,true
20180504,2018-05-04,2018,2,Q2,5,May,May,2018-05,2018-05-01,18,5,Friday,false
20180503,2018-05-03,2018,2,Q2,5,May,May,2018-05,2018-05-01,18,4,Thursday,false
20180502,2018-05-02,2018,2,Q2,5,May,May,2018-05,2018-05-01,18,3,Wednesday,false
20180501,2018-05-01,2018,2,Q2,5,May,May,2018-05,2018-05-01,18,2,Tuesday,false
20180430,2018-04-30,2018,2,Q2,4,April,Apr,2018-04,2018-04-01,18,1,Monday,false
20180429,2018-04-29,2018,2,Q2,4,April,Apr,2018-04,2018-04-01,17,7,Sunday,true
20180428,2018-04-28,2018,2,Q2,4,April,Apr,2018-04,2018-04-01,17,6,Saturday,true
20180427,2018-04-27,2018,2,Q2,4,April,Apr,2018-04,2018-04-01,17,5,Friday,false
20180426,2018-04-26,2018,2,Q2,4,April,Apr,2018-04,2018-04-01,17,4,Thursday,false
20180425,2018-04-25,2018,2,Q2,4,April,Apr,2018-04,2018-04-01,17,3,Wednesday,false
20180424,2018-04-24,2018,2,Q2,4,April,Apr,2018-04,2018-04-01,17,2,Tuesday,false
20180423,2018-04-23,2018,2,Q2,4,April,Apr,2018-04,2018-04-01,17,1,Monday,false
20180422,2018-04-22,2018,2,Q2,4,April,Apr,2018-04,2018-04-01,16,7,Sunday,true
20180421,2018-04-21,2018,2,Q2,4,April,Apr,2018-04,2018-04-01,16,6,Saturday,true
20180420,2018-04-20,2018,2,Q2,4,April,Apr,2018-04,2018-04-01,16,5,Friday,false
20180419,2018-04-19,2018,2,Q2,4,April,Apr,2018-04,2018-04-01,16,4,Thursday,false
20180418,2018-04-18,2018,2,Q2,4,April,Apr,2018-04,2018-04-01,16,3,Wednesday,false
20180417,2018-04-17,2018,2,Q2,4,April,Apr,2018-04,2018-04-01,16,2,Tuesday,false
20180416,2018-04-16,2018,2,Q2,4,April,Apr,2018-04,2018-04-01,16,1,Monday,false
20180415,2018-04-15,2018,2,Q2,4,April,Apr,2018-04,2018-04-01,15,7,Sunday,true
20180414,2018-04-14,2018,2,Q2,4,April,Apr,2018-04,2018-04-01,15,6,Saturday,true
20180413,2018-04-13,2018,2,Q2,4,April,Apr,2018-04,2018-04-01,15,5,Friday,false
20180412,2018-04-12,2018,2,Q2,4,April,Apr,2018-04,2018-04-01,15,4,Thursday,false
20180411,2018-04-11,2018,2,Q2,4,April,Apr,2018-04,2018-04-01,15,3,Wednesday,false
20180410,2018-04-10,2018,2,Q2,4,April,Apr,2018-04,2018-04-01,15,2,Tuesday,false
20180409,2018-04-09,2018,2,Q2,4,April,Apr,2018-04,2018-04-01,15,1,Monday,false
20180408,2018-04-08,2018,2,Q2,4,April,Apr,2018-04,2018-04-01,14,7,Sunday,true
20180407,2018-04-07,2018,2,Q2,4,April,Apr,2018-04,2018-04-01,14,6,Saturday,true
20180406,2018-04-06,2018,2,Q2,4,April,Apr,2018-04,2018-04-01,14,5,Friday,false
20180405,2018-04-05,2018,2,Q2,4,April,Apr,2018-04,2018-04-01,14,4,Thursday,false
20180404,2018-04-04,2018,2,Q2,4,April,Apr,2018-04,2018-04-01,14,3,Wednesday,false
20180403,2018-04-03,2018,2,Q2,4,April,Apr,2018-04,2018-04-01,14,2,Tuesday,false
20180402,2018-04-02,2018,2,Q2,4,April,Apr,2018-04,2018-04-01,14,1,Monday,false
20180401,2018-04-01,2018,2,Q2,4,April,Apr,2018-04,2018-04-01,13,7,Sunday,true
20180331,2018-03-31,2018,1,Q1,3,March,Mar,2018-03,2018-03-01,13,6,Saturday,true
20180330,2018-03-30,2018,1,Q1,3,March,Mar,2018-03,2018-03-01,13,5,Friday,false
20180329,2018-03-29,2018,1,Q1,3,March,Mar,2018-03,2018-03-01,13,4,Thursday,false
20180328,2018-03-28,2018,1,Q1,3,March,Mar,2018-03,2018-03-01,13,3,Wednesday,false
20180327,2018-03-27,2018,1,Q1,3,March,Mar,2018-03,2018-03-01,13,2,Tuesday,false
20180326,2018-03-26,2018,1,Q1,3,March,Mar,2018-03,2018-03-01,13,1,Monday,false
20180325,2018-03-25,2018,1,Q1,3,March,Mar,2018-03,2018-03-01,12,7,Sunday,true
20180324,2018-03-24,2018,1,Q1,3,March,Mar,2018-03,2018-03-01,12,6,Saturday,true
20180323,2018-03-23,2018,1,Q1,3,March,Mar,2018-03,2018-03-01,12,5,Friday,false
20180322,2018-03-22,2018,1,Q1,3,March,Mar,2018-03,2018-03-01,12,4,Thursday,false
20180321,2018-03-21,2018,1,Q1,3,March,Mar,2018-03,2018-03-01,12,3,Wednesday,false
20180320,2018-03-20,2018,1,Q1,3,March,Mar,2018-03,2018-03-01,12,2,Tuesday,false
20180319,2018-03-19,2018,1,Q1,3,March,Mar,2018-03,2018-03-01,12,1,Monday,false
20180318,2018-03-18,2018,1,Q1,3,March,Mar,2018-03,2018-03-01,11,7,Sunday,true
20180317,2018-03-17,2018,1,Q1,3,March,Mar,2018-03,2018-03-01,11,6,Saturday,true
20180316,2018-03-16,2018,1,Q1,3,March,Mar,2018-03,2018-03-01,11,5,Friday,false
20180315,2018-03-15,2018,1,Q1,3,March,Mar,2018-03,2018-03-01,11,4,Thursday,false
20180314,2018-03-14,2018,1,Q1,3,March,Mar,2018-03,2018-03-01,11,3,Wednesday,false
20180313,2018-03-13,2018,1,Q1,3,March,Mar,2018-03,2018-03-01,11,2,Tuesday,false
20180312,2018-03-12,2018,1,Q1,3,March,Mar,2018-03,2018-03-01,11,1,Monday,false
20180311,2018-03-11,2018,1,Q1,3,March,Mar,2018-03,2018-03-01,10,7,Sunday,true
20180310,2018-03-10,2018,1,Q1,3,March,Mar,2018-03,2018-03-01,10,6,Saturday,true
20180309,2018-03-09,2018,1,Q1,3,March,Mar,2018-03,2018-03-01,10,5,Friday,false
20180308,2018-03-08,2018,1,Q1,3,March,Mar,2018-03,2018-03-01,10,4,Thursday,false
20180307,2018-03-07,2018,1,Q1,3,March,Mar,2018-03,2018-03-01,10,3,Wednesday,false
20180306,2018-03-06,2018,1,Q1,3,March,Mar,2018-03,2018-03-01,10,2,Tuesday,false
20180305,2018-03-05,2018,1,Q1,3,March,Mar,2018-03,2018-03-01,10,1,Monday,false
20180304,2018-03-04,2018,1,Q1,3,March,Mar,2018-03,2018-03-01,9,7,Sunday,true
20180303,2018-03-03,2018,1,Q1,3,March,Mar,2018-03,2018-03-01,9,6,Saturday,true
20180302,2018-03-02,2018,1,Q1,3,March,Mar,2018-03,2018-03-01,9,5,Friday,false
20180301,2018-03-01,2018,1,Q1,3,March,Mar,2018-03,2018-03-01,9,4,Thursday,false
20180228,2018-02-28,2018,1,Q1,2,February,Feb,2018-02,2018-02-01,9,3,Wednesday,false
20180227,2018-02-27,2018,1,Q1,2,February,Feb,2018-02,2018-02-01,9,2,Tuesday,false
20180226,2018-02-26,2018,1,Q1,2,February,Feb,2018-02,2018-02-01,9,1,Monday,false
20180225,2018-02-25,2018,1,Q1,2,February,Feb,2018-02,2018-02-01,8,7,Sunday,true
20180224,2018-02-24,2018,1,Q1,2,February,Feb,2018-02,2018-02-01,8,6,Saturday,true
20180223,2018-02-23,2018,1,Q1,2,February,Feb,2018-02,2018-02-01,8,5,Friday,false
20180222,2018-02-22,2018,1,Q1,2,February,Feb,2018-02,2018-02-01,8,4,Thursday,false
20180221,2018-02-21,2018,1,Q1,2,February,Feb,2018-02,2018-02-01,8,3,Wednesday,false
20180220,2018-02-20,2018,1,Q1,2,February,Feb,2018-02,2018-02-01,8,2,Tuesday,false
20180219,2018-02-19,2018,1,Q1,2,February,Feb,2018-02,2018-02-01,8,1,Monday,false
20180218,2018-02-18,2018,1,Q1,2,February,Feb,2018-02,2018-02-01,7,7,Sunday,true
20180217,2018-02-17,2018,1,Q1,2,February,Feb,2018-02,2018-02-01,7,6,Saturday,true
20180216,2018-02-16,2018,1,Q1,2,February,Feb,2018-02,2018-02-01,7,5,Friday,false
20180215,2018-02-15,2018,1,Q1,2,February,Feb,2018-02,2018-02-01,7,4,Thursday,false
20180214,2018-02-14,2018,1,Q1,2,February,Feb,2018-02,2018-02-01,7,3,Wednesday,false
20180213,2018-02-13,2018,1,Q1,2,February,Feb,2018-02,2018-02-01,7,2,Tuesday,false
20180212,2018-02-12,2018,1,Q1,2,February,Feb,2018-02,2018-02-01,7,1,Monday,false
20180211,2018-02-11,2018,1,Q1,2,February,Feb,2018-02,2018-02-01,6,7,Sunday,true
20180210,2018-02-10,2018,1,Q1,2,February,Feb,2018-02,2018-02-01,6,6,Saturday,true
20180209,2018-02-09,2018,1,Q1,2,February,Feb,2018-02,2018-02-01,6,5,Friday,false
20180208,2018-02-08,2018,1,Q1,2,February,Feb,2018-02,2018-02-01,6,4,Thursday,false
20180207,2018-02-07,2018,1,Q1,2,February,Feb,2018-02,2018-02-01,6,3,Wednesday,false
20180206,2018-02-06,2018,1,Q1,2,February,Feb,2018-02,2018-02-01,6,2,Tuesday,false
20180205,2018-02-05,2018,1,Q1,2,February,Feb,2018-02,2018-02-01,6,1,Monday,false
20180204,2018-02-04,2018,1,Q1,2,February,Feb,2018-02,2018-02-01,5,7,Sunday,true
20180203,2018-02-03,2018,1,Q1,2,February,Feb,2018-02,2018-02-01,5,6,Saturday,true
20180202,2018-02-02,2018,1,Q1,2,February,Feb,2018-02,2018-02-01,5,5,Friday,false
20180201,2018-02-01,2018,1,Q1,2,February,Feb,2018-02,2018-02-01,5,4,Thursday,false
20180131,2018-01-31,2018,1,Q1,1,January,Jan,2018-01,2018-01-01,5,3,Wednesday,false
20180130,2018-01-30,2018,1,Q1,1,January,Jan,2018-01,2018-01-01,5,2,Tuesday,false
20180129,2018-01-29,2018,1,Q1,1,January,Jan,2018-01,2018-01-01,5,1,Monday,false
20180128,2018-01-28,2018,1,Q1,1,January,Jan,2018-01,2018-01-01,4,7,Sunday,true
20180127,2018-01-27,2018,1,Q1,1,January,Jan,2018-01,2018-01-01,4,6,Saturday,true
20180126,2018-01-26,2018,1,Q1,1,January,Jan,2018-01,2018-01-01,4,5,Friday,false
20180125,2018-01-25,2018,1,Q1,1,January,Jan,2018-01,2018-01-01,4,4,Thursday,false
20180124,2018-01-24,2018,1,Q1,1,January,Jan,2018-01,2018-01-01,4,3,Wednesday,false
20180123,2018-01-23,2018,1,Q1,1,January,Jan,2018-01,2018-01-01,4,2,Tuesday,false
20180122,2018-01-22,2018,1,Q1,1,January,Jan,2018-01,2018-01-01,4,1,Monday,false
20180121,2018-01-21,2018,1,Q1,1,January,Jan,2018-01,2018-01-01,3,7,Sunday,true
20180120,2018-01-20,2018,1,Q1,1,January,Jan,2018-01,2018-01-01,3,6,Saturday,true
20180119,2018-01-19,2018,1,Q1,1,January,Jan,2018-01,2018-01-01,3,5,Friday,false
20180118,2018-01-18,2018,1,Q1,1,January,Jan,2018-01,2018-01-01,3,4,Thursday,false
20180117,2018-01-17,2018,1,Q1,1,January,Jan,2018-01,2018-01-01,3,3,Wednesday,false
20180116,2018-01-16,2018,1,Q1,1,January,Jan,2018-01,2018-01-01,3,2,Tuesday,false
20180115,2018-01-15,2018,1,Q1,1,January,Jan,2018-01,2018-01-01,3,1,Monday,false
20180114,2018-01-14,2018,1,Q1,1,January,Jan,2018-01,2018-01-01,2,7,Sunday,true
20180113,2018-01-13,2018,1,Q1,1,January,Jan,2018-01,2018-01-01,2,6,Saturday,true
20180112,2018-01-12,2018,1,Q1,1,January,Jan,2018-01,2018-01-01,2,5,Friday,false
20180111,2018-01-11,2018,1,Q1,1,January,Jan,2018-01,2018-01-01,2,4,Thursday,false
20180110,2018-01-10,2018,1,Q1,1,January,Jan,2018-01,2018-01-01,2,3,Wednesday,false
20180109,2018-01-09,2018,1,Q1,1,January,Jan,2018-01,2018-01-01,2,2,Tuesday,false
20180108,2018-01-08,2018,1,Q1,1,January,Jan,2018-01,2018-01-01,2,1,Monday,false
20180107,2018-01-07,2018,1,Q1,1,January,Jan,2018-01,2018-01-01,1,7,Sunday,true
20180106,2018-01-06,2018,1,Q1,1,January,Jan,2018-01,2018-01-01,1,6,Saturday,true
20180105,2018-01-05,2018,1,Q1,1,January,Jan,2018-01,2018-01-01,1,5,Friday,false
20180104,2018-01-04,2018,1,Q1,1,January,Jan,2018-01,2018-01-01,1,4,Thursday,false
20180103,2018-01-03,2018,1,Q1,1,January,Jan,2018-01,2018-01-01,1,3,Wednesday,false
20180102,2018-01-02,2018,1,Q1,1,January,Jan,2018-01,2018-01-01,1,2,Tuesday,false
20180101,2018-01-01,2018,1,Q1,1,January,Jan,2018-01,2018-01-01,1,1,Monday,false
20171231,2017-12-31,2017,4,Q4,12,December,Dec,2017-12,2017-12-01,52,7,Sunday,true
20171230,2017-12-30,2017,4,Q4,12,December,Dec,2017-12,2017-12-01,52,6,Saturday,true
20171229,2017-12-29,2017,4,Q4,12,December,Dec,2017-12,2017-12-01,52,5,Friday,false
20171228,2017-12-28,2017,4,Q4,12,December,Dec,2017-12,2017-12-01,52,4,Thursday,false
20171227,2017-12-27,2017,4,Q4,12,December,Dec,2017-12,2017-12-01,52,3,Wednesday,false
20171226,2017-12-26,2017,4,Q4,12,December,Dec,2017-12,2017-12-01,52,2,Tuesday,false
20171225,2017-12-25,2017,4,Q4,12,December,Dec,2017-12,2017-12-01,52,1,Monday,false
20171224,2017-12-24,2017,4,Q4,12,December,Dec,2017-12,2017-12-01,51,7,Sunday,true
20171223,2017-12-23,2017,4,Q4,12,December,Dec,2017-12,2017-12-01,51,6,Saturday,true
20171222,2017-12-22,2017,4,Q4,12,December,Dec,2017-12,2017-12-01,51,5,Friday,false
20171221,2017-12-21,2017,4,Q4,12,December,Dec,2017-12,2017-12-01,51,4,Thursday,false
20171220,2017-12-20,2017,4,Q4,12,December,Dec,2017-12,2017-12-01,51,3,Wednesday,false
20171219,2017-12-19,2017,4,Q4,12,December,Dec,2017-12,2017-12-01,51,2,Tuesday,false
20171218,2017-12-18,2017,4,Q4,12,December,Dec,2017-12,2017-12-01,51,1,Monday,false
20171217,2017-12-17,2017,4,Q4,12,December,Dec,2017-12,2017-12-01,50,7,Sunday,true
20171216,2017-12-16,2017,4,Q4,12,December,Dec,2017-12,2017-12-01,50,6,Saturday,true
20171215,2017-12-15,2017,4,Q4,12,December,Dec,2017-12,2017-12-01,50,5,Friday,false
20171214,2017-12-14,2017,4,Q4,12,December,Dec,2017-12,2017-12-01,50,4,Thursday,false
20171213,2017-12-13,2017,4,Q4,12,December,Dec,2017-12,2017-12-01,50,3,Wednesday,false
20171212,2017-12-12,2017,4,Q4,12,December,Dec,2017-12,2017-12-01,50,2,Tuesday,false
20171211,2017-12-11,2017,4,Q4,12,December,Dec,2017-12,2017-12-01,50,1,Monday,false
20171210,2017-12-10,2017,4,Q4,12,December,Dec,2017-12,2017-12-01,49,7,Sunday,true
20171209,2017-12-09,2017,4,Q4,12,December,Dec,2017-12,2017-12-01,49,6,Saturday,true
20171208,2017-12-08,2017,4,Q4,12,December,Dec,2017-12,2017-12-01,49,5,Friday,false
20171207,2017-12-07,2017,4,Q4,12,December,Dec,2017-12,2017-12-01,49,4,Thursday,false
20171206,2017-12-06,2017,4,Q4,12,December,Dec,2017-12,2017-12-01,49,3,Wednesday,false
20171205,2017-12-05,2017,4,Q4,12,December,Dec,2017-12,2017-12-01,49,2,Tuesday,false
20171204,2017-12-04,2017,4,Q4,12,December,Dec,2017-12,2017-12-01,49,1,Monday,false
20171203,2017-12-03,2017,4,Q4,12,December,Dec,2017-12,2017-12-01,48,7,Sunday,true
20171202,2017-12-02,2017,4,Q4,12,December,Dec,2017-12,2017-12-01,48,6,Saturday,true
20171201,2017-12-01,2017,4,Q4,12,December,Dec,2017-12,2017-12-01,48,5,Friday,false
20171130,2017-11-30,2017,4,Q4,11,November,Nov,2017-11,2017-11-01,48,4,Thursday,false
20171129,2017-11-29,2017,4,Q4,11,November,Nov,2017-11,2017-11-01,48,3,Wednesday,false
20171128,2017-11-28,2017,4,Q4,11,November,Nov,2017-11,2017-11-01,48,2,Tuesday,false
20171127,2017-11-27,2017,4,Q4,11,November,Nov,2017-11,2017-11-01,48,1,Monday,false
20171126,2017-11-26,2017,4,Q4,11,November,Nov,2017-11,2017-11-01,47,7,Sunday,true
20171125,2017-11-25,2017,4,Q4,11,November,Nov,2017-11,2017-11-01,47,6,Saturday,true
20171124,2017-11-24,2017,4,Q4,11,November,Nov,2017-11,2017-11-01,47,5,Friday,false
20171123,2017-11-23,2017,4,Q4,11,November,Nov,2017-11,2017-11-01,47,4,Thursday,false
20171122,2017-11-22,2017,4,Q4,11,November,Nov,2017-11,2017-11-01,47,3,Wednesday,false
20171121,2017-11-21,2017,4,Q4,11,November,Nov,2017-11,2017-11-01,47,2,Tuesday,false
20171120,2017-11-20,2017,4,Q4,11,November,Nov,2017-11,2017-11-01,47,1,Monday,false
20171119,2017-11-19,2017,4,Q4,11,November,Nov,2017-11,2017-11-01,46,7,Sunday,true
20171118,2017-11-18,2017,4,Q4,11,November,Nov,2017-11,2017-11-01,46,6,Saturday,true
20171117,2017-11-17,2017,4,Q4,11,November,Nov,2017-11,2017-11-01,46,5,Friday,false
20171116,2017-11-16,2017,4,Q4,11,November,Nov,2017-11,2017-11-01,46,4,Thursday,false
20171115,2017-11-15,2017,4,Q4,11,November,Nov,2017-11,2017-11-01,46,3,Wednesday,false
20171114,2017-11-14,2017,4,Q4,11,November,Nov,2017-11,2017-11-01,46,2,Tuesday,false
20171113,2017-11-13,2017,4,Q4,11,November,Nov,2017-11,2017-11-01,46,1,Monday,false
20171112,2017-11-12,2017,4,Q4,11,November,Nov,2017-11,2017-11-01,45,7,Sunday,true
20171111,2017-11-11,2017,4,Q4,11,November,Nov,2017-11,2017-11-01,45,6,Saturday,true
20171110,2017-11-10,2017,4,Q4,11,November,Nov,2017-11,2017-11-01,45,5,Friday,false
20171109,2017-11-09,2017,4,Q4,11,November,Nov,2017-11,2017-11-01,45,4,Thursday,false
20171108,2017-11-08,2017,4,Q4,11,November,Nov,2017-11,2017-11-01,45,3,Wednesday,false
20171107,2017-11-07,2017,4,Q4,11,November,Nov,2017-11,2017-11-01,45,2,Tuesday,false
20171106,2017-11-06,2017,4,Q4,11,November,Nov,2017-11,2017-11-01,45,1,Monday,false
20171105,2017-11-05,2017,4,Q4,11,November,Nov,2017-11,2017-11-01,44,7,Sunday,true
20171104,2017-11-04,2017,4,Q4,11,November,Nov,2017-11,2017-11-01,44,6,Saturday,true
20171103,2017-11-03,2017,4,Q4,11,November,Nov,2017-11,2017-11-01,44,5,Friday,false
20171102,2017-11-02,2017,4,Q4,11,November,Nov,2017-11,2017-11-01,44,4,Thursday,false
20171101,2017-11-01,2017,4,Q4,11,November,Nov,2017-11,2017-11-01,44,3,Wednesday,false
20171031,2017-10-31,2017,4,Q4,10,October,Oct,2017-10,2017-10-01,44,2,Tuesday,false
20171030,2017-10-30,2017,4,Q4,10,October,Oct,2017-10,2017-10-01,44,1,Monday,false
20171029,2017-10-29,2017,4,Q4,10,October,Oct,2017-10,2017-10-01,43,7,Sunday,true
20171028,2017-10-28,2017,4,Q4,10,October,Oct,2017-10,2017-10-01,43,6,Saturday,true
20171027,2017-10-27,2017,4,Q4,10,October,Oct,2017-10,2017-10-01,43,5,Friday,false
20171026,2017-10-26,2017,4,Q4,10,October,Oct,2017-10,2017-10-01,43,4,Thursday,false
20171025,2017-10-25,2017,4,Q4,10,October,Oct,2017-10,2017-10-01,43,3,Wednesday,false
20171024,2017-10-24,2017,4,Q4,10,October,Oct,2017-10,2017-10-01,43,2,Tuesday,false
20171023,2017-10-23,2017,4,Q4,10,October,Oct,2017-10,2017-10-01,43,1,Monday,false
20171022,2017-10-22,2017,4,Q4,10,October,Oct,2017-10,2017-10-01,42,7,Sunday,true
20171021,2017-10-21,2017,4,Q4,10,October,Oct,2017-10,2017-10-01,42,6,Saturday,true
20171020,2017-10-20,2017,4,Q4,10,October,Oct,2017-10,2017-10-01,42,5,Friday,false
20171019,2017-10-19,2017,4,Q4,10,October,Oct,2017-10,2017-10-01,42,4,Thursday,false
20171018,2017-10-18,2017,4,Q4,10,October,Oct,2017-10,2017-10-01,42,3,Wednesday,false
20171017,2017-10-17,2017,4,Q4,10,October,Oct,2017-10,2017-10-01,42,2,Tuesday,false
20171016,2017-10-16,2017,4,Q4,10,October,Oct,2017-10,2017-10-01,42,1,Monday,false
20171015,2017-10-15,2017,4,Q4,10,October,Oct,2017-10,2017-10-01,41,7,Sunday,true
20171014,2017-10-14,2017,4,Q4,10,October,Oct,2017-10,2017-10-01,41,6,Saturday,true
20171013,2017-10-13,2017,4,Q4,10,October,Oct,2017-10,2017-10-01,41,5,Friday,false
20171012,2017-10-12,2017,4,Q4,10,October,Oct,2017-10,2017-10-01,41,4,Thursday,false
20171011,2017-10-11,2017,4,Q4,10,October,Oct,2017-10,2017-10-01,41,3,Wednesday,false
20171010,2017-10-10,2017,4,Q4,10,October,Oct,2017-10,2017-10-01,41,2,Tuesday,false
20171009,2017-10-09,2017,4,Q4,10,October,Oct,2017-10,2017-10-01,41,1,Monday,false
20171008,2017-10-08,2017,4,Q4,10,October,Oct,2017-10,2017-10-01,40,7,Sunday,true
20171007,2017-10-07,2017,4,Q4,10,October,Oct,2017-10,2017-10-01,40,6,Saturday,true
20171006,2017-10-06,2017,4,Q4,10,October,Oct,2017-10,2017-10-01,40,5,Friday,false
20171005,2017-10-05,2017,4,Q4,10,October,Oct,2017-10,2017-10-01,40,4,Thursday,false
20171004,2017-10-04,2017,4,Q4,10,October,Oct,2017-10,2017-10-01,40,3,Wednesday,false
20171003,2017-10-03,2017,4,Q4,10,October,Oct,2017-10,2017-10-01,40,2,Tuesday,false
20171002,2017-10-02,2017,4,Q4,10,October,Oct,2017-10,2017-10-01,40,1,Monday,false
20171001,2017-10-01,2017,4,Q4,10,October,Oct,2017-10,2017-10-01,39,7,Sunday,true
20170930,2017-09-30,2017,3,Q3,9,September,Sep,2017-09,2017-09-01,39,6,Saturday,true
20170929,2017-09-29,2017,3,Q3,9,September,Sep,2017-09,2017-09-01,39,5,Friday,false
20170928,2017-09-28,2017,3,Q3,9,September,Sep,2017-09,2017-09-01,39,4,Thursday,false
20170927,2017-09-27,2017,3,Q3,9,September,Sep,2017-09,2017-09-01,39,3,Wednesday,false
20170926,2017-09-26,2017,3,Q3,9,September,Sep,2017-09,2017-09-01,39,2,Tuesday,false
20170925,2017-09-25,2017,3,Q3,9,September,Sep,2017-09,2017-09-01,39,1,Monday,false
20170924,2017-09-24,2017,3,Q3,9,September,Sep,2017-09,2017-09-01,38,7,Sunday,true
20170923,2017-09-23,2017,3,Q3,9,September,Sep,2017-09,2017-09-01,38,6,Saturday,true
20170922,2017-09-22,2017,3,Q3,9,September,Sep,2017-09,2017-09-01,38,5,Friday,false
20170921,2017-09-21,2017,3,Q3,9,September,Sep,2017-09,2017-09-01,38,4,Thursday,false
20170920,2017-09-20,2017,3,Q3,9,September,Sep,2017-09,2017-09-01,38,3,Wednesday,false
20170919,2017-09-19,2017,3,Q3,9,September,Sep,2017-09,2017-09-01,38,2,Tuesday,false
20170918,2017-09-18,2017,3,Q3,9,September,Sep,2017-09,2017-09-01,38,1,Monday,false
20170917,2017-09-17,2017,3,Q3,9,September,Sep,2017-09,2017-09-01,37,7,Sunday,true
20170916,2017-09-16,2017,3,Q3,9,September,Sep,2017-09,2017-09-01,37,6,Saturday,true
20170915,2017-09-15,2017,3,Q3,9,September,Sep,2017-09,2017-09-01,37,5,Friday,false
20170914,2017-09-14,2017,3,Q3,9,September,Sep,2017-09,2017-09-01,37,4,Thursday,false
20170913,2017-09-13,2017,3,Q3,9,September,Sep,2017-09,2017-09-01,37,3,Wednesday,false
20170912,2017-09-12,2017,3,Q3,9,September,Sep,2017-09,2017-09-01,37,2,Tuesday,false
20170911,2017-09-11,2017,3,Q3,9,September,Sep,2017-09,2017-09-01,37,1,Monday,false
20170910,2017-09-10,2017,3,Q3,9,September,Sep,2017-09,2017-09-01,36,7,Sunday,true
20170909,2017-09-09,2017,3,Q3,9,September,Sep,2017-09,2017-09-01,36,6,Saturday,true
20170908,2017-09-08,2017,3,Q3,9,September,Sep,2017-09,2017-09-01,36,5,Friday,false
20170907,2017-09-07,2017,3,Q3,9,September,Sep,2017-09,2017-09-01,36,4,Thursday,false
20170906,2017-09-06,2017,3,Q3,9,September,Sep,2017-09,2017-09-01,36,3,Wednesday,false
20170905,2017-09-05,2017,3,Q3,9,September,Sep,2017-09,2017-09-01,36,2,Tuesday,false
20170904,2017-09-04,2017,3,Q3,9,September,Sep,2017-09,2017-09-01,36,1,Monday,false
20170903,2017-09-03,2017,3,Q3,9,September,Sep,2017-09,2017-09-01,35,7,Sunday,true
20170902,2017-09-02,2017,3,Q3,9,September,Sep,2017-09,2017-09-01,35,6,Saturday,true
20170901,2017-09-01,2017,3,Q3,9,September,Sep,2017-09,2017-09-01,35,5,Friday,false
20170831,2017-08-31,2017,3,Q3,8,August,Aug,2017-08,2017-08-01,35,4,Thursday,false
20170830,2017-08-30,2017,3,Q3,8,August,Aug,2017-08,2017-08-01,35,3,Wednesday,false
20170829,2017-08-29,2017,3,Q3,8,August,Aug,2017-08,2017-08-01,35,2,Tuesday,false
20170828,2017-08-28,2017,3,Q3,8,August,Aug,2017-08,2017-08-01,35,1,Monday,false
20170827,2017-08-27,2017,3,Q3,8,August,Aug,2017-08,2017-08-01,34,7,Sunday,true
20170826,2017-08-26,2017,3,Q3,8,August,Aug,2017-08,2017-08-01,34,6,Saturday,true
20170825,2017-08-25,2017,3,Q3,8,August,Aug,2017-08,2017-08-01,34,5,Friday,false
20170824,2017-08-24,2017,3,Q3,8,August,Aug,2017-08,2017-08-01,34,4,Thursday,false
20170823,2017-08-23,2017,3,Q3,8,August,Aug,2017-08,2017-08-01,34,3,Wednesday,false
20170822,2017-08-22,2017,3,Q3,8,August,Aug,2017-08,2017-08-01,34,2,Tuesday,false
20170821,2017-08-21,2017,3,Q3,8,August,Aug,2017-08,2017-08-01,34,1,Monday,false
20170820,2017-08-20,2017,3,Q3,8,August,Aug,2017-08,2017-08-01,33,7,Sunday,true
20170819,2017-08-19,2017,3,Q3,8,August,Aug,2017-08,2017-08-01,33,6,Saturday,true
20170818,2017-08-18,2017,3,Q3,8,August,Aug,2017-08,2017-08-01,33,5,Friday,false
20170817,2017-08-17,2017,3,Q3,8,August,Aug,2017-08,2017-08-01,33,4,Thursday,false
20170816,2017-08-16,2017,3,Q3,8,August,Aug,2017-08,2017-08-01,33,3,Wednesday,false
20170815,2017-08-15,2017,3,Q3,8,August,Aug,2017-08,2017-08-01,33,2,Tuesday,false
20170814,2017-08-14,2017,3,Q3,8,August,Aug,2017-08,2017-08-01,33,1,Monday,false
20170813,2017-08-13,2017,3,Q3,8,August,Aug,2017-08,2017-08-01,32,7,Sunday,true
20170812,2017-08-12,2017,3,Q3,8,August,Aug,2017-08,2017-08-01,32,6,Saturday,true
20170811,2017-08-11,2017,3,Q3,8,August,Aug,2017-08,2017-08-01,32,5,Friday,false
20170810,2017-08-10,2017,3,Q3,8,August,Aug,2017-08,2017-08-01,32,4,Thursday,false
20170809,2017-08-09,2017,3,Q3,8,August,Aug,2017-08,2017-08-01,32,3,Wednesday,false
20170808,2017-08-08,2017,3,Q3,8,August,Aug,2017-08,2017-08-01,32,2,Tuesday,false
20170807,2017-08-07,2017,3,Q3,8,August,Aug,2017-08,2017-08-01,32,1,Monday,false
20170806,2017-08-06,2017,3,Q3,8,August,Aug,2017-08,2017-08-01,31,7,Sunday,true
20170805,2017-08-05,2017,3,Q3,8,August,Aug,2017-08,2017-08-01,31,6,Saturday,true
20170804,2017-08-04,2017,3,Q3,8,August,Aug,2017-08,2017-08-01,31,5,Friday,false
20170803,2017-08-03,2017,3,Q3,8,August,Aug,2017-08,2017-08-01,31,4,Thursday,false
20170802,2017-08-02,2017,3,Q3,8,August,Aug,2017-08,2017-08-01,31,3,Wednesday,false
20170801,2017-08-01,2017,3,Q3,8,August,Aug,2017-08,2017-08-01,31,2,Tuesday,false
20170731,2017-07-31,2017,3,Q3,7,July,Jul,2017-07,2017-07-01,31,1,Monday,false
20170730,2017-07-30,2017,3,Q3,7,July,Jul,2017-07,2017-07-01,30,7,Sunday,true
20170729,2017-07-29,2017,3,Q3,7,July,Jul,2017-07,2017-07-01,30,6,Saturday,true
20170728,2017-07-28,2017,3,Q3,7,July,Jul,2017-07,2017-07-01,30,5,Friday,false
20170727,2017-07-27,2017,3,Q3,7,July,Jul,2017-07,2017-07-01,30,4,Thursday,false
20170726,2017-07-26,2017,3,Q3,7,July,Jul,2017-07,2017-07-01,30,3,Wednesday,false
20170725,2017-07-25,2017,3,Q3,7,July,Jul,2017-07,2017-07-01,30,2,Tuesday,false
20170724,2017-07-24,2017,3,Q3,7,July,Jul,2017-07,2017-07-01,30,1,Monday,false
20170723,2017-07-23,2017,3,Q3,7,July,Jul,2017-07,2017-07-01,29,7,Sunday,true
20170722,2017-07-22,2017,3,Q3,7,July,Jul,2017-07,2017-07-01,29,6,Saturday,true
20170721,2017-07-21,2017,3,Q3,7,July,Jul,2017-07,2017-07-01,29,5,Friday,false
20170720,2017-07-20,2017,3,Q3,7,July,Jul,2017-07,2017-07-01,29,4,Thursday,false
20170719,2017-07-19,2017,3,Q3,7,July,Jul,2017-07,2017-07-01,29,3,Wednesday,false
20170718,2017-07-18,2017,3,Q3,7,July,Jul,2017-07,2017-07-01,29,2,Tuesday,false
20170717,2017-07-17,2017,3,Q3,7,July,Jul,2017-07,2017-07-01,29,1,Monday,false
20170716,2017-07-16,2017,3,Q3,7,July,Jul,2017-07,2017-07-01,28,7,Sunday,true
20170715,2017-07-15,2017,3,Q3,7,July,Jul,2017-07,2017-07-01,28,6,Saturday,true
20170714,2017-07-14,2017,3,Q3,7,July,Jul,2017-07,2017-07-01,28,5,Friday,false
20170713,2017-07-13,2017,3,Q3,7,July,Jul,2017-07,2017-07-01,28,4,Thursday,false
20170712,2017-07-12,2017,3,Q3,7,July,Jul,2017-07,2017-07-01,28,3,Wednesday,false
20170711,2017-07-11,2017,3,Q3,7,July,Jul,2017-07,2017-07-01,28,2,Tuesday,false
20170710,2017-07-10,2017,3,Q3,7,July,Jul,2017-07,2017-07-01,28,1,Monday,false
20170709,2017-07-09,2017,3,Q3,7,July,Jul,2017-07,2017-07-01,27,7,Sunday,true
20170708,2017-07-08,2017,3,Q3,7,July,Jul,2017-07,2017-07-01,27,6,Saturday,true
20170707,2017-07-07,2017,3,Q3,7,July,Jul,2017-07,2017-07-01,27,5,Friday,false
20170706,2017-07-06,2017,3,Q3,7,July,Jul,2017-07,2017-07-01,27,4,Thursday,false
20170705,2017-07-05,2017,3,Q3,7,July,Jul,2017-07,2017-07-01,27,3,Wednesday,false
20170704,2017-07-04,2017,3,Q3,7,July,Jul,2017-07,2017-07-01,27,2,Tuesday,false
20170703,2017-07-03,2017,3,Q3,7,July,Jul,2017-07,2017-07-01,27,1,Monday,false
20170702,2017-07-02,2017,3,Q3,7,July,Jul,2017-07,2017-07-01,26,7,Sunday,true
20170701,2017-07-01,2017,3,Q3,7,July,Jul,2017-07,2017-07-01,26,6,Saturday,true
20170630,2017-06-30,2017,2,Q2,6,June,Jun,2017-06,2017-06-01,26,5,Friday,false
20170629,2017-06-29,2017,2,Q2,6,June,Jun,2017-06,2017-06-01,26,4,Thursday,false
20170628,2017-06-28,2017,2,Q2,6,June,Jun,2017-06,2017-06-01,26,3,Wednesday,false
20170627,2017-06-27,2017,2,Q2,6,June,Jun,2017-06,2017-06-01,26,2,Tuesday,false
20170626,2017-06-26,2017,2,Q2,6,June,Jun,2017-06,2017-06-01,26,1,Monday,false
20170625,2017-06-25,2017,2,Q2,6,June,Jun,2017-06,2017-06-01,25,7,Sunday,true
20170624,2017-06-24,2017,2,Q2,6,June,Jun,2017-06,2017-06-01,25,6,Saturday,true
20170623,2017-06-23,2017,2,Q2,6,June,Jun,2017-06,2017-06-01,25,5,Friday,false
20170622,2017-06-22,2017,2,Q2,6,June,Jun,2017-06,2017-06-01,25,4,Thursday,false
20170621,2017-06-21,2017,2,Q2,6,June,Jun,2017-06,2017-06-01,25,3,Wednesday,false
20170620,2017-06-20,2017,2,Q2,6,June,Jun,2017-06,2017-06-01,25,2,Tuesday,false
20170619,2017-06-19,2017,2,Q2,6,June,Jun,2017-06,2017-06-01,25,1,Monday,false
20170618,2017-06-18,2017,2,Q2,6,June,Jun,2017-06,2017-06-01,24,7,Sunday,true
20170617,2017-06-17,2017,2,Q2,6,June,Jun,2017-06,2017-06-01,24,6,Saturday,true
20170616,2017-06-16,2017,2,Q2,6,June,Jun,2017-06,2017-06-01,24,5,Friday,false
20170615,2017-06-15,2017,2,Q2,6,June,Jun,2017-06,2017-06-01,24,4,Thursday,false
20170614,2017-06-14,2017,2,Q2,6,June,Jun,2017-06,2017-06-01,24,3,Wednesday,false
20170613,2017-06-13,2017,2,Q2,6,June,Jun,2017-06,2017-06-01,24,2,Tuesday,false
20170612,2017-06-12,2017,2,Q2,6,June,Jun,2017-06,2017-06-01,24,1,Monday,false
20170611,2017-06-11,2017,2,Q2,6,June,Jun,2017-06,2017-06-01,23,7,Sunday,true
20170610,2017-06-10,2017,2,Q2,6,June,Jun,2017-06,2017-06-01,23,6,Saturday,true
20170609,2017-06-09,2017,2,Q2,6,June,Jun,2017-06,2017-06-01,23,5,Friday,false
20170608,2017-06-08,2017,2,Q2,6,June,Jun,2017-06,2017-06-01,23,4,Thursday,false
20170607,2017-06-07,2017,2,Q2,6,June,Jun,2017-06,2017-06-01,23,3,Wednesday,false
20170606,2017-06-06,2017,2,Q2,6,June,Jun,2017-06,2017-06-01,23,2,Tuesday,false
20170605,2017-06-05,2017,2,Q2,6,June,Jun,2017-06,2017-06-01,23,1,Monday,false
20170604,2017-06-04,2017,2,Q2,6,June,Jun,2017-06,2017-06-01,22,7,Sunday,true
20170603,2017-06-03,2017,2,Q2,6,June,Jun,2017-06,2017-06-01,22,6,Saturday,true
20170602,2017-06-02,2017,2,Q2,6,June,Jun,2017-06,2017-06-01,22,5,Friday,false
20170601,2017-06-01,2017,2,Q2,6,June,Jun,2017-06,2017-06-01,22,4,Thursday,false
20170531,2017-05-31,2017,2,Q2,5,May,May,2017-05,2017-05-01,22,3,Wednesday,false
20170530,2017-05-30,2017,2,Q2,5,May,May,2017-05,2017-05-01,22,2,Tuesday,false
20170529,2017-05-29,2017,2,Q2,5,May,May,2017-05,2017-05-01,22,1,Monday,false
20170528,2017-05-28,2017,2,Q2,5,May,May,2017-05,2017-05-01,21,7,Sunday,true
20170527,2017-05-27,2017,2,Q2,5,May,May,2017-05,2017-05-01,21,6,Saturday,true
20170526,2017-05-26,2017,2,Q2,5,May,May,2017-05,2017-05-01,21,5,Friday,false
20170525,2017-05-25,2017,2,Q2,5,May,May,2017-05,2017-05-01,21,4,Thursday,false
20170524,2017-05-24,2017,2,Q2,5,May,May,2017-05,2017-05-01,21,3,Wednesday,false
20170523,2017-05-23,2017,2,Q2,5,May,May,2017-05,2017-05-01,21,2,Tuesday,false
20170522,2017-05-22,2017,2,Q2,5,May,May,2017-05,2017-05-01,21,1,Monday,false
20170521,2017-05-21,2017,2,Q2,5,May,May,2017-05,2017-05-01,20,7,Sunday,true
20170520,2017-05-20,2017,2,Q2,5,May,May,2017-05,2017-05-01,20,6,Saturday,true
20170519,2017-05-19,2017,2,Q2,5,May,May,2017-05,2017-05-01,20,5,Friday,false
20170518,2017-05-18,2017,2,Q2,5,May,May,2017-05,2017-05-01,20,4,Thursday,false
20170517,2017-05-17,2017,2,Q2,5,May,May,2017-05,2017-05-01,20,3,Wednesday,false
20170516,2017-05-16,2017,2,Q2,5,May,May,2017-05,2017-05-01,20,2,Tuesday,false
20170515,2017-05-15,2017,2,Q2,5,May,May,2017-05,2017-05-01,20,1,Monday,false
20170514,2017-05-14,2017,2,Q2,5,May,May,2017-05,2017-05-01,19,7,Sunday,true
20170513,2017-05-13,2017,2,Q2,5,May,May,2017-05,2017-05-01,19,6,Saturday,true
20170512,2017-05-12,2017,2,Q2,5,May,May,2017-05,2017-05-01,19,5,Friday,false
20170511,2017-05-11,2017,2,Q2,5,May,May,2017-05,2017-05-01,19,4,Thursday,false
20170510,2017-05-10,2017,2,Q2,5,May,May,2017-05,2017-05-01,19,3,Wednesday,false
20170509,2017-05-09,2017,2,Q2,5,May,May,2017-05,2017-05-01,19,2,Tuesday,false
20170508,2017-05-08,2017,2,Q2,5,May,May,2017-05,2017-05-01,19,1,Monday,false
20170507,2017-05-07,2017,2,Q2,5,May,May,2017-05,2017-05-01,18,7,Sunday,true
20170506,2017-05-06,2017,2,Q2,5,May,May,2017-05,2017-05-01,18,6,Saturday,true
20170505,2017-05-05,2017,2,Q2,5,May,May,2017-05,2017-05-01,18,5,Friday,false
20170504,2017-05-04,2017,2,Q2,5,May,May,2017-05,2017-05-01,18,4,Thursday,false
20170503,2017-05-03,2017,2,Q2,5,May,May,2017-05,2017-05-01,18,3,Wednesday,false
20170502,2017-05-02,2017,2,Q2,5,May,May,2017-05,2017-05-01,18,2,Tuesday,false
20170501,2017-05-01,2017,2,Q2,5,May,May,2017-05,2017-05-01,18,1,Monday,false
20170430,2017-04-30,2017,2,Q2,4,April,Apr,2017-04,2017-04-01,17,7,Sunday,true
20170429,2017-04-29,2017,2,Q2,4,April,Apr,2017-04,2017-04-01,17,6,Saturday,true
20170428,2017-04-28,2017,2,Q2,4,April,Apr,2017-04,2017-04-01,17,5,Friday,false
20170427,2017-04-27,2017,2,Q2,4,April,Apr,2017-04,2017-04-01,17,4,Thursday,false
20170426,2017-04-26,2017,2,Q2,4,April,Apr,2017-04,2017-04-01,17,3,Wednesday,false
20170425,2017-04-25,2017,2,Q2,4,April,Apr,2017-04,2017-04-01,17,2,Tuesday,false
20170424,2017-04-24,2017,2,Q2,4,April,Apr,2017-04,2017-04-01,17,1,Monday,false
20170423,2017-04-23,2017,2,Q2,4,April,Apr,2017-04,2017-04-01,16,7,Sunday,true
20170422,2017-04-22,2017,2,Q2,4,April,Apr,2017-04,2017-04-01,16,6,Saturday,true
20170421,2017-04-21,2017,2,Q2,4,April,Apr,2017-04,2017-04-01,16,5,Friday,false
20170420,2017-04-20,2017,2,Q2,4,April,Apr,2017-04,2017-04-01,16,4,Thursday,false
20170419,2017-04-19,2017,2,Q2,4,April,Apr,2017-04,2017-04-01,16,3,Wednesday,false
20170418,2017-04-18,2017,2,Q2,4,April,Apr,2017-04,2017-04-01,16,2,Tuesday,false
20170417,2017-04-17,2017,2,Q2,4,April,Apr,2017-04,2017-04-01,16,1,Monday,false
20170416,2017-04-16,2017,2,Q2,4,April,Apr,2017-04,2017-04-01,15,7,Sunday,true
20170415,2017-04-15,2017,2,Q2,4,April,Apr,2017-04,2017-04-01,15,6,Saturday,true
20170414,2017-04-14,2017,2,Q2,4,April,Apr,2017-04,2017-04-01,15,5,Friday,false
20170413,2017-04-13,2017,2,Q2,4,April,Apr,2017-04,2017-04-01,15,4,Thursday,false
20170412,2017-04-12,2017,2,Q2,4,April,Apr,2017-04,2017-04-01,15,3,Wednesday,false
20170411,2017-04-11,2017,2,Q2,4,April,Apr,2017-04,2017-04-01,15,2,Tuesday,false
20170410,2017-04-10,2017,2,Q2,4,April,Apr,2017-04,2017-04-01,15,1,Monday,false
20170409,2017-04-09,2017,2,Q2,4,April,Apr,2017-04,2017-04-01,14,7,Sunday,true
20170408,2017-04-08,2017,2,Q2,4,April,Apr,2017-04,2017-04-01,14,6,Saturday,true
20170407,2017-04-07,2017,2,Q2,4,April,Apr,2017-04,2017-04-01,14,5,Friday,false
20170406,2017-04-06,2017,2,Q2,4,April,Apr,2017-04,2017-04-01,14,4,Thursday,false
20170405,2017-04-05,2017,2,Q2,4,April,Apr,2017-04,2017-04-01,14,3,Wednesday,false
20170404,2017-04-04,2017,2,Q2,4,April,Apr,2017-04,2017-04-01,14,2,Tuesday,false
20170403,2017-04-03,2017,2,Q2,4,April,Apr,2017-04,2017-04-01,14,1,Monday,false
20170402,2017-04-02,2017,2,Q2,4,April,Apr,2017-04,2017-04-01,13,7,Sunday,true
20170401,2017-04-01,2017,2,Q2,4,April,Apr,2017-04,2017-04-01,13,6,Saturday,true
20170331,2017-03-31,2017,1,Q1,3,March,Mar,2017-03,2017-03-01,13,5,Friday,false
20170330,2017-03-30,2017,1,Q1,3,March,Mar,2017-03,2017-03-01,13,4,Thursday,false
20170329,2017-03-29,2017,1,Q1,3,March,Mar,2017-03,2017-03-01,13,3,Wednesday,false
20170328,2017-03-28,2017,1,Q1,3,March,Mar,2017-03,2017-03-01,13,2,Tuesday,false
20170327,2017-03-27,2017,1,Q1,3,March,Mar,2017-03,2017-03-01,13,1,Monday,false
20170326,2017-03-26,2017,1,Q1,3,March,Mar,2017-03,2017-03-01,12,7,Sunday,true
20170325,2017-03-25,2017,1,Q1,3,March,Mar,2017-03,2017-03-01,12,6,Saturday,true
20170324,2017-03-24,2017,1,Q1,3,March,Mar,2017-03,2017-03-01,12,5,Friday,false
20170323,2017-03-23,2017,1,Q1,3,March,Mar,2017-03,2017-03-01,12,4,Thursday,false
20170322,2017-03-22,2017,1,Q1,3,March,Mar,2017-03,2017-03-01,12,3,Wednesday,false
20170321,2017-03-21,2017,1,Q1,3,March,Mar,2017-03,2017-03-01,12,2,Tuesday,false
20170320,2017-03-20,2017,1,Q1,3,March,Mar,2017-03,2017-03-01,12,1,Monday,false
20170319,2017-03-19,2017,1,Q1,3,March,Mar,2017-03,2017-03-01,11,7,Sunday,true
20170318,2017-03-18,2017,1,Q1,3,March,Mar,2017-03,2017-03-01,11,6,Saturday,true
20170317,2017-03-17,2017,1,Q1,3,March,Mar,2017-03,2017-03-01,11,5,Friday,false
20170316,2017-03-16,2017,1,Q1,3,March,Mar,2017-03,2017-03-01,11,4,Thursday,false
20170315,2017-03-15,2017,1,Q1,3,March,Mar,2017-03,2017-03-01,11,3,Wednesday,false
20170314,2017-03-14,2017,1,Q1,3,March,Mar,2017-03,2017-03-01,11,2,Tuesday,false
20170313,2017-03-13,2017,1,Q1,3,March,Mar,2017-03,2017-03-01,11,1,Monday,false
20170312,2017-03-12,2017,1,Q1,3,March,Mar,2017-03,2017-03-01,10,7,Sunday,true
20170311,2017-03-11,2017,1,Q1,3,March,Mar,2017-03,2017-03-01,10,6,Saturday,true
20170310,2017-03-10,2017,1,Q1,3,March,Mar,2017-03,2017-03-01,10,5,Friday,false
20170309,2017-03-09,2017,1,Q1,3,March,Mar,2017-03,2017-03-01,10,4,Thursday,false
20170308,2017-03-08,2017,1,Q1,3,March,Mar,2017-03,2017-03-01,10,3,Wednesday,false
20170307,2017-03-07,2017,1,Q1,3,March,Mar,2017-03,2017-03-01,10,2,Tuesday,false
20170306,2017-03-06,2017,1,Q1,3,March,Mar,2017-03,2017-03-01,10,1,Monday,false
20170305,2017-03-05,2017,1,Q1,3,March,Mar,2017-03,2017-03-01,9,7,Sunday,true
20170304,2017-03-04,2017,1,Q1,3,March,Mar,2017-03,2017-03-01,9,6,Saturday,true
20170303,2017-03-03,2017,1,Q1,3,March,Mar,2017-03,2017-03-01,9,5,Friday,false
20170302,2017-03-02,2017,1,Q1,3,March,Mar,2017-03,2017-03-01,9,4,Thursday,false
20170301,2017-03-01,2017,1,Q1,3,March,Mar,2017-03,2017-03-01,9,3,Wednesday,false
20170228,2017-02-28,2017,1,Q1,2,February,Feb,2017-02,2017-02-01,9,2,Tuesday,false
20170227,2017-02-27,2017,1,Q1,2,February,Feb,2017-02,2017-02-01,9,1,Monday,false
20170226,2017-02-26,2017,1,Q1,2,February,Feb,2017-02,2017-02-01,8,7,Sunday,true
20170225,2017-02-25,2017,1,Q1,2,February,Feb,2017-02,2017-02-01,8,6,Saturday,true
20170224,2017-02-24,2017,1,Q1,2,February,Feb,2017-02,2017-02-01,8,5,Friday,false
20170223,2017-02-23,2017,1,Q1,2,February,Feb,2017-02,2017-02-01,8,4,Thursday,false
20170222,2017-02-22,2017,1,Q1,2,February,Feb,2017-02,2017-02-01,8,3,Wednesday,false
20170221,2017-02-21,2017,1,Q1,2,February,Feb,2017-02,2017-02-01,8,2,Tuesday,false
20170220,2017-02-20,2017,1,Q1,2,February,Feb,2017-02,2017-02-01,8,1,Monday,false
20170219,2017-02-19,2017,1,Q1,2,February,Feb,2017-02,2017-02-01,7,7,Sunday,true
20170218,2017-02-18,2017,1,Q1,2,February,Feb,2017-02,2017-02-01,7,6,Saturday,true
20170217,2017-02-17,2017,1,Q1,2,February,Feb,2017-02,2017-02-01,7,5,Friday,false
20170216,2017-02-16,2017,1,Q1,2,February,Feb,2017-02,2017-02-01,7,4,Thursday,false
20170215,2017-02-15,2017,1,Q1,2,February,Feb,2017-02,2017-02-01,7,3,Wednesday,false
20170214,2017-02-14,2017,1,Q1,2,February,Feb,2017-02,2017-02-01,7,2,Tuesday,false
20170213,2017-02-13,2017,1,Q1,2,February,Feb,2017-02,2017-02-01,7,1,Monday,false
20170212,2017-02-12,2017,1,Q1,2,February,Feb,2017-02,2017-02-01,6,7,Sunday,true
20170211,2017-02-11,2017,1,Q1,2,February,Feb,2017-02,2017-02-01,6,6,Saturday,true
20170210,2017-02-10,2017,1,Q1,2,February,Feb,2017-02,2017-02-01,6,5,Friday,false
20170209,2017-02-09,2017,1,Q1,2,February,Feb,2017-02,2017-02-01,6,4,Thursday,false
20170208,2017-02-08,2017,1,Q1,2,February,Feb,2017-02,2017-02-01,6,3,Wednesday,false
20170207,2017-02-07,2017,1,Q1,2,February,Feb,2017-02,2017-02-01,6,2,Tuesday,false
20170206,2017-02-06,2017,1,Q1,2,February,Feb,2017-02,2017-02-01,6,1,Monday,false
20170205,2017-02-05,2017,1,Q1,2,February,Feb,2017-02,2017-02-01,5,7,Sunday,true
20170204,2017-02-04,2017,1,Q1,2,February,Feb,2017-02,2017-02-01,5,6,Saturday,true
20170203,2017-02-03,2017,1,Q1,2,February,Feb,2017-02,2017-02-01,5,5,Friday,false
20170202,2017-02-02,2017,1,Q1,2,February,Feb,2017-02,2017-02-01,5,4,Thursday,false
20170201,2017-02-01,2017,1,Q1,2,February,Feb,2017-02,2017-02-01,5,3,Wednesday,false
20170131,2017-01-31,2017,1,Q1,1,January,Jan,2017-01,2017-01-01,5,2,Tuesday,false
20170130,2017-01-30,2017,1,Q1,1,January,Jan,2017-01,2017-01-01,5,1,Monday,false
20170129,2017-01-29,2017,1,Q1,1,January,Jan,2017-01,2017-01-01,4,7,Sunday,true
20170128,2017-01-28,2017,1,Q1,1,January,Jan,2017-01,2017-01-01,4,6,Saturday,true
20170127,2017-01-27,2017,1,Q1,1,January,Jan,2017-01,2017-01-01,4,5,Friday,false
20170126,2017-01-26,2017,1,Q1,1,January,Jan,2017-01,2017-01-01,4,4,Thursday,false
20170125,2017-01-25,2017,1,Q1,1,January,Jan,2017-01,2017-01-01,4,3,Wednesday,false
20170124,2017-01-24,2017,1,Q1,1,January,Jan,2017-01,2017-01-01,4,2,Tuesday,false
20170123,2017-01-23,2017,1,Q1,1,January,Jan,2017-01,2017-01-01,4,1,Monday,false
20170122,2017-01-22,2017,1,Q1,1,January,Jan,2017-01,2017-01-01,3,7,Sunday,true
20170121,2017-01-21,2017,1,Q1,1,January,Jan,2017-01,2017-01-01,3,6,Saturday,true
20170120,2017-01-20,2017,1,Q1,1,January,Jan,2017-01,2017-01-01,3,5,Friday,false
20170119,2017-01-19,2017,1,Q1,1,January,Jan,2017-01,2017-01-01,3,4,Thursday,false
20170118,2017-01-18,2017,1,Q1,1,January,Jan,2017-01,2017-01-01,3,3,Wednesday,false
20170117,2017-01-17,2017,1,Q1,1,January,Jan,2017-01,2017-01-01,3,2,Tuesday,false
20170116,2017-01-16,2017,1,Q1,1,January,Jan,2017-01,2017-01-01,3,1,Monday,false
20170115,2017-01-15,2017,1,Q1,1,January,Jan,2017-01,2017-01-01,2,7,Sunday,true
20170114,2017-01-14,2017,1,Q1,1,January,Jan,2017-01,2017-01-01,2,6,Saturday,true
20170113,2017-01-13,2017,1,Q1,1,January,Jan,2017-01,2017-01-01,2,5,Friday,false
20170112,2017-01-12,2017,1,Q1,1,January,Jan,2017-01,2017-01-01,2,4,Thursday,false
20170111,2017-01-11,2017,1,Q1,1,January,Jan,2017-01,2017-01-01,2,3,Wednesday,false
20170110,2017-01-10,2017,1,Q1,1,January,Jan,2017-01,2017-01-01,2,2,Tuesday,false
20170109,2017-01-09,2017,1,Q1,1,January,Jan,2017-01,2017-01-01,2,1,Monday,false
20170108,2017-01-08,2017,1,Q1,1,January,Jan,2017-01,2017-01-01,1,7,Sunday,true
20170107,2017-01-07,2017,1,Q1,1,January,Jan,2017-01,2017-01-01,1,6,Saturday,true
20170106,2017-01-06,2017,1,Q1,1,January,Jan,2017-01,2017-01-01,1,5,Friday,false
20170105,2017-01-05,2017,1,Q1,1,January,Jan,2017-01,2017-01-01,1,4,Thursday,false
20170104,2017-01-04,2017,1,Q1,1,January,Jan,2017-01,2017-01-01,1,3,Wednesday,false
20170103,2017-01-03,2017,1,Q1,1,January,Jan,2017-01,2017-01-01,1,2,Tuesday,false
20170102,2017-01-02,2017,1,Q1,1,January,Jan,2017-01,2017-01-01,1,1,Monday,false
20170101,2017-01-01,2017,1,Q1,1,January,Jan,2017-01,2017-01-01,52,7,Sunday,true
20161231,2016-12-31,2016,4,Q4,12,December,Dec,2016-12,2016-12-01,52,6,Saturday,true
20161230,2016-12-30,2016,4,Q4,12,December,Dec,2016-12,2016-12-01,52,5,Friday,false
20161229,2016-12-29,2016,4,Q4,12,December,Dec,2016-12,2016-12-01,52,4,Thursday,false
20161228,2016-12-28,2016,4,Q4,12,December,Dec,2016-12,2016-12-01,52,3,Wednesday,false
20161227,2016-12-27,2016,4,Q4,12,December,Dec,2016-12,2016-12-01,52,2,Tuesday,false
20161226,2016-12-26,2016,4,Q4,12,December,Dec,2016-12,2016-12-01,52,1,Monday,false
20161225,2016-12-25,2016,4,Q4,12,December,Dec,2016-12,2016-12-01,51,7,Sunday,true
20161224,2016-12-24,2016,4,Q4,12,December,Dec,2016-12,2016-12-01,51,6,Saturday,true
20161223,2016-12-23,2016,4,Q4,12,December,Dec,2016-12,2016-12-01,51,5,Friday,false
20161222,2016-12-22,2016,4,Q4,12,December,Dec,2016-12,2016-12-01,51,4,Thursday,false
20161221,2016-12-21,2016,4,Q4,12,December,Dec,2016-12,2016-12-01,51,3,Wednesday,false
20161220,2016-12-20,2016,4,Q4,12,December,Dec,2016-12,2016-12-01,51,2,Tuesday,false
20161219,2016-12-19,2016,4,Q4,12,December,Dec,2016-12,2016-12-01,51,1,Monday,false
20161218,2016-12-18,2016,4,Q4,12,December,Dec,2016-12,2016-12-01,50,7,Sunday,true
20161217,2016-12-17,2016,4,Q4,12,December,Dec,2016-12,2016-12-01,50,6,Saturday,true
20161216,2016-12-16,2016,4,Q4,12,December,Dec,2016-12,2016-12-01,50,5,Friday,false
20161215,2016-12-15,2016,4,Q4,12,December,Dec,2016-12,2016-12-01,50,4,Thursday,false
20161214,2016-12-14,2016,4,Q4,12,December,Dec,2016-12,2016-12-01,50,3,Wednesday,false
20161213,2016-12-13,2016,4,Q4,12,December,Dec,2016-12,2016-12-01,50,2,Tuesday,false
20161212,2016-12-12,2016,4,Q4,12,December,Dec,2016-12,2016-12-01,50,1,Monday,false
20161211,2016-12-11,2016,4,Q4,12,December,Dec,2016-12,2016-12-01,49,7,Sunday,true
20161210,2016-12-10,2016,4,Q4,12,December,Dec,2016-12,2016-12-01,49,6,Saturday,true
20161209,2016-12-09,2016,4,Q4,12,December,Dec,2016-12,2016-12-01,49,5,Friday,false
20161208,2016-12-08,2016,4,Q4,12,December,Dec,2016-12,2016-12-01,49,4,Thursday,false
20161207,2016-12-07,2016,4,Q4,12,December,Dec,2016-12,2016-12-01,49,3,Wednesday,false
20161206,2016-12-06,2016,4,Q4,12,December,Dec,2016-12,2016-12-01,49,2,Tuesday,false
20161205,2016-12-05,2016,4,Q4,12,December,Dec,2016-12,2016-12-01,49,1,Monday,false
20161204,2016-12-04,2016,4,Q4,12,December,Dec,2016-12,2016-12-01,48,7,Sunday,true
20161203,2016-12-03,2016,4,Q4,12,December,Dec,2016-12,2016-12-01,48,6,Saturday,true
20161202,2016-12-02,2016,4,Q4,12,December,Dec,2016-12,2016-12-01,48,5,Friday,false
20161201,2016-12-01,2016,4,Q4,12,December,Dec,2016-12,2016-12-01,48,4,Thursday,false
20161130,2016-11-30,2016,4,Q4,11,November,Nov,2016-11,2016-11-01,48,3,Wednesday,false
20161129,2016-11-29,2016,4,Q4,11,November,Nov,2016-11,2016-11-01,48,2,Tuesday,false
20161128,2016-11-28,2016,4,Q4,11,November,Nov,2016-11,2016-11-01,48,1,Monday,false
20161127,2016-11-27,2016,4,Q4,11,November,Nov,2016-11,2016-11-01,47,7,Sunday,true
20161126,2016-11-26,2016,4,Q4,11,November,Nov,2016-11,2016-11-01,47,6,Saturday,true
20161125,2016-11-25,2016,4,Q4,11,November,Nov,2016-11,2016-11-01,47,5,Friday,false
20161124,2016-11-24,2016,4,Q4,11,November,Nov,2016-11,2016-11-01,47,4,Thursday,false
20161123,2016-11-23,2016,4,Q4,11,November,Nov,2016-11,2016-11-01,47,3,Wednesday,false
20161122,2016-11-22,2016,4,Q4,11,November,Nov,2016-11,2016-11-01,47,2,Tuesday,false
20161121,2016-11-21,2016,4,Q4,11,November,Nov,2016-11,2016-11-01,47,1,Monday,false
20161120,2016-11-20,2016,4,Q4,11,November,Nov,2016-11,2016-11-01,46,7,Sunday,true
20161119,2016-11-19,2016,4,Q4,11,November,Nov,2016-11,2016-11-01,46,6,Saturday,true
20161118,2016-11-18,2016,4,Q4,11,November,Nov,2016-11,2016-11-01,46,5,Friday,false
20161117,2016-11-17,2016,4,Q4,11,November,Nov,2016-11,2016-11-01,46,4,Thursday,false
20161116,2016-11-16,2016,4,Q4,11,November,Nov,2016-11,2016-11-01,46,3,Wednesday,false
20161115,2016-11-15,2016,4,Q4,11,November,Nov,2016-11,2016-11-01,46,2,Tuesday,false
20161114,2016-11-14,2016,4,Q4,11,November,Nov,2016-11,2016-11-01,46,1,Monday,false
20161113,2016-11-13,2016,4,Q4,11,November,Nov,2016-11,2016-11-01,45,7,Sunday,true
20161112,2016-11-12,2016,4,Q4,11,November,Nov,2016-11,2016-11-01,45,6,Saturday,true
20161111,2016-11-11,2016,4,Q4,11,November,Nov,2016-11,2016-11-01,45,5,Friday,false
20161110,2016-11-10,2016,4,Q4,11,November,Nov,2016-11,2016-11-01,45,4,Thursday,false
20161109,2016-11-09,2016,4,Q4,11,November,Nov,2016-11,2016-11-01,45,3,Wednesday,false
20161108,2016-11-08,2016,4,Q4,11,November,Nov,2016-11,2016-11-01,45,2,Tuesday,false
20161107,2016-11-07,2016,4,Q4,11,November,Nov,2016-11,2016-11-01,45,1,Monday,false
20161106,2016-11-06,2016,4,Q4,11,November,Nov,2016-11,2016-11-01,44,7,Sunday,true
20161105,2016-11-05,2016,4,Q4,11,November,Nov,2016-11,2016-11-01,44,6,Saturday,true
20161104,2016-11-04,2016,4,Q4,11,November,Nov,2016-11,2016-11-01,44,5,Friday,false
20161103,2016-11-03,2016,4,Q4,11,November,Nov,2016-11,2016-11-01,44,4,Thursday,false
20161102,2016-11-02,2016,4,Q4,11,November,Nov,2016-11,2016-11-01,44,3,Wednesday,false
20161101,2016-11-01,2016,4,Q4,11,November,Nov,2016-11,2016-11-01,44,2,Tuesday,false
20161031,2016-10-31,2016,4,Q4,10,October,Oct,2016-10,2016-10-01,44,1,Monday,false
20161030,2016-10-30,2016,4,Q4,10,October,Oct,2016-10,2016-10-01,43,7,Sunday,true
20161029,2016-10-29,2016,4,Q4,10,October,Oct,2016-10,2016-10-01,43,6,Saturday,true
20161028,2016-10-28,2016,4,Q4,10,October,Oct,2016-10,2016-10-01,43,5,Friday,false
20161027,2016-10-27,2016,4,Q4,10,October,Oct,2016-10,2016-10-01,43,4,Thursday,false
20161026,2016-10-26,2016,4,Q4,10,October,Oct,2016-10,2016-10-01,43,3,Wednesday,false
20161025,2016-10-25,2016,4,Q4,10,October,Oct,2016-10,2016-10-01,43,2,Tuesday,false
20161024,2016-10-24,2016,4,Q4,10,October,Oct,2016-10,2016-10-01,43,1,Monday,false
20161023,2016-10-23,2016,4,Q4,10,October,Oct,2016-10,2016-10-01,42,7,Sunday,true
20161022,2016-10-22,2016,4,Q4,10,October,Oct,2016-10,2016-10-01,42,6,Saturday,true
20161021,2016-10-21,2016,4,Q4,10,October,Oct,2016-10,2016-10-01,42,5,Friday,false
20161020,2016-10-20,2016,4,Q4,10,October,Oct,2016-10,2016-10-01,42,4,Thursday,false
20161019,2016-10-19,2016,4,Q4,10,October,Oct,2016-10,2016-10-01,42,3,Wednesday,false
20161018,2016-10-18,2016,4,Q4,10,October,Oct,2016-10,2016-10-01,42,2,Tuesday,false
20161017,2016-10-17,2016,4,Q4,10,October,Oct,2016-10,2016-10-01,42,1,Monday,false
20161016,2016-10-16,2016,4,Q4,10,October,Oct,2016-10,2016-10-01,41,7,Sunday,true
20161015,2016-10-15,2016,4,Q4,10,October,Oct,2016-10,2016-10-01,41,6,Saturday,true
20161014,2016-10-14,2016,4,Q4,10,October,Oct,2016-10,2016-10-01,41,5,Friday,false
20161013,2016-10-13,2016,4,Q4,10,October,Oct,2016-10,2016-10-01,41,4,Thursday,false
20161012,2016-10-12,2016,4,Q4,10,October,Oct,2016-10,2016-10-01,41,3,Wednesday,false
20161011,2016-10-11,2016,4,Q4,10,October,Oct,2016-10,2016-10-01,41,2,Tuesday,false
20161010,2016-10-10,2016,4,Q4,10,October,Oct,2016-10,2016-10-01,41,1,Monday,false
20161009,2016-10-09,2016,4,Q4,10,October,Oct,2016-10,2016-10-01,40,7,Sunday,true
20161008,2016-10-08,2016,4,Q4,10,October,Oct,2016-10,2016-10-01,40,6,Saturday,true
20161007,2016-10-07,2016,4,Q4,10,October,Oct,2016-10,2016-10-01,40,5,Friday,false
20161006,2016-10-06,2016,4,Q4,10,October,Oct,2016-10,2016-10-01,40,4,Thursday,false
20161005,2016-10-05,2016,4,Q4,10,October,Oct,2016-10,2016-10-01,40,3,Wednesday,false
20161004,2016-10-04,2016,4,Q4,10,October,Oct,2016-10,2016-10-01,40,2,Tuesday,false
20161003,2016-10-03,2016,4,Q4,10,October,Oct,2016-10,2016-10-01,40,1,Monday,false
20161002,2016-10-02,2016,4,Q4,10,October,Oct,2016-10,2016-10-01,39,7,Sunday,true
20161001,2016-10-01,2016,4,Q4,10,October,Oct,2016-10,2016-10-01,39,6,Saturday,true
20160930,2016-09-30,2016,3,Q3,9,September,Sep,2016-09,2016-09-01,39,5,Friday,false
20160929,2016-09-29,2016,3,Q3,9,September,Sep,2016-09,2016-09-01,39,4,Thursday,false
20160928,2016-09-28,2016,3,Q3,9,September,Sep,2016-09,2016-09-01,39,3,Wednesday,false
20160927,2016-09-27,2016,3,Q3,9,September,Sep,2016-09,2016-09-01,39,2,Tuesday,false
20160926,2016-09-26,2016,3,Q3,9,September,Sep,2016-09,2016-09-01,39,1,Monday,false
20160925,2016-09-25,2016,3,Q3,9,September,Sep,2016-09,2016-09-01,38,7,Sunday,true
20160924,2016-09-24,2016,3,Q3,9,September,Sep,2016-09,2016-09-01,38,6,Saturday,true
20160923,2016-09-23,2016,3,Q3,9,September,Sep,2016-09,2016-09-01,38,5,Friday,false
20160922,2016-09-22,2016,3,Q3,9,September,Sep,2016-09,2016-09-01,38,4,Thursday,false
20160921,2016-09-21,2016,3,Q3,9,September,Sep,2016-09,2016-09-01,38,3,Wednesday,false
20160920,2016-09-20,2016,3,Q3,9,September,Sep,2016-09,2016-09-01,38,2,Tuesday,false
20160919,2016-09-19,2016,3,Q3,9,September,Sep,2016-09,2016-09-01,38,1,Monday,false
20160918,2016-09-18,2016,3,Q3,9,September,Sep,2016-09,2016-09-01,37,7,Sunday,true
20160917,2016-09-17,2016,3,Q3,9,September,Sep,2016-09,2016-09-01,37,6,Saturday,true
20160916,2016-09-16,2016,3,Q3,9,September,Sep,2016-09,2016-09-01,37,5,Friday,false
20160915,2016-09-15,2016,3,Q3,9,September,Sep,2016-09,2016-09-01,37,4,Thursday,false
20160914,2016-09-14,2016,3,Q3,9,September,Sep,2016-09,2016-09-01,37,3,Wednesday,false
20160913,2016-09-13,2016,3,Q3,9,September,Sep,2016-09,2016-09-01,37,2,Tuesday,false
20160912,2016-09-12,2016,3,Q3,9,September,Sep,2016-09,2016-09-01,37,1,Monday,false
20160911,2016-09-11,2016,3,Q3,9,September,Sep,2016-09,2016-09-01,36,7,Sunday,true
20160910,2016-09-10,2016,3,Q3,9,September,Sep,2016-09,2016-09-01,36,6,Saturday,true
20160909,2016-09-09,2016,3,Q3,9,September,Sep,2016-09,2016-09-01,36,5,Friday,false
20160908,2016-09-08,2016,3,Q3,9,September,Sep,2016-09,2016-09-01,36,4,Thursday,false
20160907,2016-09-07,2016,3,Q3,9,September,Sep,2016-09,2016-09-01,36,3,Wednesday,false
20160906,2016-09-06,2016,3,Q3,9,September,Sep,2016-09,2016-09-01,36,2,Tuesday,false
20160905,2016-09-05,2016,3,Q3,9,September,Sep,2016-09,2016-09-01,36,1,Monday,false
20160904,2016-09-04,2016,3,Q3,9,September,Sep,2016-09,2016-09-01,35,7,Sunday,true
20160903,2016-09-03,2016,3,Q3,9,September,Sep,2016-09,2016-09-01,35,6,Saturday,true
20160902,2016-09-02,2016,3,Q3,9,September,Sep,2016-09,2016-09-01,35,5,Friday,false
20160901,2016-09-01,2016,3,Q3,9,September,Sep,2016-09,2016-09-01,35,4,Thursday,false
20160831,2016-08-31,2016,3,Q3,8,August,Aug,2016-08,2016-08-01,35,3,Wednesday,false
20160830,2016-08-30,2016,3,Q3,8,August,Aug,2016-08,2016-08-01,35,2,Tuesday,false
20160829,2016-08-29,2016,3,Q3,8,August,Aug,2016-08,2016-08-01,35,1,Monday,false
20160828,2016-08-28,2016,3,Q3,8,August,Aug,2016-08,2016-08-01,34,7,Sunday,true
20160827,2016-08-27,2016,3,Q3,8,August,Aug,2016-08,2016-08-01,34,6,Saturday,true
20160826,2016-08-26,2016,3,Q3,8,August,Aug,2016-08,2016-08-01,34,5,Friday,false
20160825,2016-08-25,2016,3,Q3,8,August,Aug,2016-08,2016-08-01,34,4,Thursday,false
20160824,2016-08-24,2016,3,Q3,8,August,Aug,2016-08,2016-08-01,34,3,Wednesday,false
20160823,2016-08-23,2016,3,Q3,8,August,Aug,2016-08,2016-08-01,34,2,Tuesday,false
20160822,2016-08-22,2016,3,Q3,8,August,Aug,2016-08,2016-08-01,34,1,Monday,false
20160821,2016-08-21,2016,3,Q3,8,August,Aug,2016-08,2016-08-01,33,7,Sunday,true
20160820,2016-08-20,2016,3,Q3,8,August,Aug,2016-08,2016-08-01,33,6,Saturday,true
20160819,2016-08-19,2016,3,Q3,8,August,Aug,2016-08,2016-08-01,33,5,Friday,false
20160818,2016-08-18,2016,3,Q3,8,August,Aug,2016-08,2016-08-01,33,4,Thursday,false
20160817,2016-08-17,2016,3,Q3,8,August,Aug,2016-08,2016-08-01,33,3,Wednesday,false
20160816,2016-08-16,2016,3,Q3,8,August,Aug,2016-08,2016-08-01,33,2,Tuesday,false
20160815,2016-08-15,2016,3,Q3,8,August,Aug,2016-08,2016-08-01,33,1,Monday,false
20160814,2016-08-14,2016,3,Q3,8,August,Aug,2016-08,2016-08-01,32,7,Sunday,true
20160813,2016-08-13,2016,3,Q3,8,August,Aug,2016-08,2016-08-01,32,6,Saturday,true
20160812,2016-08-12,2016,3,Q3,8,August,Aug,2016-08,2016-08-01,32,5,Friday,false
20160811,2016-08-11,2016,3,Q3,8,August,Aug,2016-08,2016-08-01,32,4,Thursday,false
20160810,2016-08-10,2016,3,Q3,8,August,Aug,2016-08,2016-08-01,32,3,Wednesday,false
20160809,2016-08-09,2016,3,Q3,8,August,Aug,2016-08,2016-08-01,32,2,Tuesday,false
20160808,2016-08-08,2016,3,Q3,8,August,Aug,2016-08,2016-08-01,32,1,Monday,false
20160807,2016-08-07,2016,3,Q3,8,August,Aug,2016-08,2016-08-01,31,7,Sunday,true
20160806,2016-08-06,2016,3,Q3,8,August,Aug,2016-08,2016-08-01,31,6,Saturday,true
20160805,2016-08-05,2016,3,Q3,8,August,Aug,2016-08,2016-08-01,31,5,Friday,false
20160804,2016-08-04,2016,3,Q3,8,August,Aug,2016-08,2016-08-01,31,4,Thursday,false
20160803,2016-08-03,2016,3,Q3,8,August,Aug,2016-08,2016-08-01,31,3,Wednesday,false
20160802,2016-08-02,2016,3,Q3,8,August,Aug,2016-08,2016-08-01,31,2,Tuesday,false
20160801,2016-08-01,2016,3,Q3,8,August,Aug,2016-08,2016-08-01,31,1,Monday,false
20160731,2016-07-31,2016,3,Q3,7,July,Jul,2016-07,2016-07-01,30,7,Sunday,true
20160730,2016-07-30,2016,3,Q3,7,July,Jul,2016-07,2016-07-01,30,6,Saturday,true
20160729,2016-07-29,2016,3,Q3,7,July,Jul,2016-07,2016-07-01,30,5,Friday,false
20160728,2016-07-28,2016,3,Q3,7,July,Jul,2016-07,2016-07-01,30,4,Thursday,false
20160727,2016-07-27,2016,3,Q3,7,July,Jul,2016-07,2016-07-01,30,3,Wednesday,false
20160726,2016-07-26,2016,3,Q3,7,July,Jul,2016-07,2016-07-01,30,2,Tuesday,false
20160725,2016-07-25,2016,3,Q3,7,July,Jul,2016-07,2016-07-01,30,1,Monday,false
20160724,2016-07-24,2016,3,Q3,7,July,Jul,2016-07,2016-07-01,29,7,Sunday,true
20160723,2016-07-23,2016,3,Q3,7,July,Jul,2016-07,2016-07-01,29,6,Saturday,true
20160722,2016-07-22,2016,3,Q3,7,July,Jul,2016-07,2016-07-01,29,5,Friday,false
20160721,2016-07-21,2016,3,Q3,7,July,Jul,2016-07,2016-07-01,29,4,Thursday,false
20160720,2016-07-20,2016,3,Q3,7,July,Jul,2016-07,2016-07-01,29,3,Wednesday,false
20160719,2016-07-19,2016,3,Q3,7,July,Jul,2016-07,2016-07-01,29,2,Tuesday,false
20160718,2016-07-18,2016,3,Q3,7,July,Jul,2016-07,2016-07-01,29,1,Monday,false
20160717,2016-07-17,2016,3,Q3,7,July,Jul,2016-07,2016-07-01,28,7,Sunday,true
20160716,2016-07-16,2016,3,Q3,7,July,Jul,2016-07,2016-07-01,28,6,Saturday,true
20160715,2016-07-15,2016,3,Q3,7,July,Jul,2016-07,2016-07-01,28,5,Friday,false
20160714,2016-07-14,2016,3,Q3,7,July,Jul,2016-07,2016-07-01,28,4,Thursday,false
20160713,2016-07-13,2016,3,Q3,7,July,Jul,2016-07,2016-07-01,28,3,Wednesday,false
20160712,2016-07-12,2016,3,Q3,7,July,Jul,2016-07,2016-07-01,28,2,Tuesday,false
20160711,2016-07-11,2016,3,Q3,7,July,Jul,2016-07,2016-07-01,28,1,Monday,false
20160710,2016-07-10,2016,3,Q3,7,July,Jul,2016-07,2016-07-01,27,7,Sunday,true
20160709,2016-07-09,2016,3,Q3,7,July,Jul,2016-07,2016-07-01,27,6,Saturday,true
20160708,2016-07-08,2016,3,Q3,7,July,Jul,2016-07,2016-07-01,27,5,Friday,false
20160707,2016-07-07,2016,3,Q3,7,July,Jul,2016-07,2016-07-01,27,4,Thursday,false
20160706,2016-07-06,2016,3,Q3,7,July,Jul,2016-07,2016-07-01,27,3,Wednesday,false
20160705,2016-07-05,2016,3,Q3,7,July,Jul,2016-07,2016-07-01,27,2,Tuesday,false
20160704,2016-07-04,2016,3,Q3,7,July,Jul,2016-07,2016-07-01,27,1,Monday,false
20160703,2016-07-03,2016,3,Q3,7,July,Jul,2016-07,2016-07-01,26,7,Sunday,true
20160702,2016-07-02,2016,3,Q3,7,July,Jul,2016-07,2016-07-01,26,6,Saturday,true
20160701,2016-07-01,2016,3,Q3,7,July,Jul,2016-07,2016-07-01,26,5,Friday,false
20160630,2016-06-30,2016,2,Q2,6,June,Jun,2016-06,2016-06-01,26,4,Thursday,false
20160629,2016-06-29,2016,2,Q2,6,June,Jun,2016-06,2016-06-01,26,3,Wednesday,false
20160628,2016-06-28,2016,2,Q2,6,June,Jun,2016-06,2016-06-01,26,2,Tuesday,false
20160627,2016-06-27,2016,2,Q2,6,June,Jun,2016-06,2016-06-01,26,1,Monday,false
20160626,2016-06-26,2016,2,Q2,6,June,Jun,2016-06,2016-06-01,25,7,Sunday,true
20160625,2016-06-25,2016,2,Q2,6,June,Jun,2016-06,2016-06-01,25,6,Saturday,true
20160624,2016-06-24,2016,2,Q2,6,June,Jun,2016-06,2016-06-01,25,5,Friday,false
20160623,2016-06-23,2016,2,Q2,6,June,Jun,2016-06,2016-06-01,25,4,Thursday,false
20160622,2016-06-22,2016,2,Q2,6,June,Jun,2016-06,2016-06-01,25,3,Wednesday,false
20160621,2016-06-21,2016,2,Q2,6,June,Jun,2016-06,2016-06-01,25,2,Tuesday,false
20160620,2016-06-20,2016,2,Q2,6,June,Jun,2016-06,2016-06-01,25,1,Monday,false
20160619,2016-06-19,2016,2,Q2,6,June,Jun,2016-06,2016-06-01,24,7,Sunday,true
20160618,2016-06-18,2016,2,Q2,6,June,Jun,2016-06,2016-06-01,24,6,Saturday,true
20160617,2016-06-17,2016,2,Q2,6,June,Jun,2016-06,2016-06-01,24,5,Friday,false
20160616,2016-06-16,2016,2,Q2,6,June,Jun,2016-06,2016-06-01,24,4,Thursday,false
20160615,2016-06-15,2016,2,Q2,6,June,Jun,2016-06,2016-06-01,24,3,Wednesday,false
20160614,2016-06-14,2016,2,Q2,6,June,Jun,2016-06,2016-06-01,24,2,Tuesday,false
20160613,2016-06-13,2016,2,Q2,6,June,Jun,2016-06,2016-06-01,24,1,Monday,false
20160612,2016-06-12,2016,2,Q2,6,June,Jun,2016-06,2016-06-01,23,7,Sunday,true
20160611,2016-06-11,2016,2,Q2,6,June,Jun,2016-06,2016-06-01,23,6,Saturday,true
20160610,2016-06-10,2016,2,Q2,6,June,Jun,2016-06,2016-06-01,23,5,Friday,false
20160609,2016-06-09,2016,2,Q2,6,June,Jun,2016-06,2016-06-01,23,4,Thursday,false
20160608,2016-06-08,2016,2,Q2,6,June,Jun,2016-06,2016-06-01,23,3,Wednesday,false
20160607,2016-06-07,2016,2,Q2,6,June,Jun,2016-06,2016-06-01,23,2,Tuesday,false
20160606,2016-06-06,2016,2,Q2,6,June,Jun,2016-06,2016-06-01,23,1,Monday,false
20160605,2016-06-05,2016,2,Q2,6,June,Jun,2016-06,2016-06-01,22,7,Sunday,true
20160604,2016-06-04,2016,2,Q2,6,June,Jun,2016-06,2016-06-01,22,6,Saturday,true
20160603,2016-06-03,2016,2,Q2,6,June,Jun,2016-06,2016-06-01,22,5,Friday,false
20160602,2016-06-02,2016,2,Q2,6,June,Jun,2016-06,2016-06-01,22,4,Thursday,false
20160601,2016-06-01,2016,2,Q2,6,June,Jun,2016-06,2016-06-01,22,3,Wednesday,false
20160531,2016-05-31,2016,2,Q2,5,May,May,2016-05,2016-05-01,22,2,Tuesday,false
20160530,2016-05-30,2016,2,Q2,5,May,May,2016-05,2016-05-01,22,1,Monday,false
20160529,2016-05-29,2016,2,Q2,5,May,May,2016-05,2016-05-01,21,7,Sunday,true
20160528,2016-05-28,2016,2,Q2,5,May,May,2016-05,2016-05-01,21,6,Saturday,true
20160527,2016-05-27,2016,2,Q2,5,May,May,2016-05,2016-05-01,21,5,Friday,false
20160526,2016-05-26,2016,2,Q2,5,May,May,2016-05,2016-05-01,21,4,Thursday,false
20160525,2016-05-25,2016,2,Q2,5,May,May,2016-05,2016-05-01,21,3,Wednesday,false
20160524,2016-05-24,2016,2,Q2,5,May,May,2016-05,2016-05-01,21,2,Tuesday,false
20160523,2016-05-23,2016,2,Q2,5,May,May,2016-05,2016-05-01,21,1,Monday,false
20160522,2016-05-22,2016,2,Q2,5,May,May,2016-05,2016-05-01,20,7,Sunday,true
20160521,2016-05-21,2016,2,Q2,5,May,May,2016-05,2016-05-01,20,6,Saturday,true
20160520,2016-05-20,2016,2,Q2,5,May,May,2016-05,2016-05-01,20,5,Friday,false
20160519,2016-05-19,2016,2,Q2,5,May,May,2016-05,2016-05-01,20,4,Thursday,false
20160518,2016-05-18,2016,2,Q2,5,May,May,2016-05,2016-05-01,20,3,Wednesday,false
20160517,2016-05-17,2016,2,Q2,5,May,May,2016-05,2016-05-01,20,2,Tuesday,false
20160516,2016-05-16,2016,2,Q2,5,May,May,2016-05,2016-05-01,20,1,Monday,false
20160515,2016-05-15,2016,2,Q2,5,May,May,2016-05,2016-05-01,19,7,Sunday,true
20160514,2016-05-14,2016,2,Q2,5,May,May,2016-05,2016-05-01,19,6,Saturday,true
20160513,2016-05-13,2016,2,Q2,5,May,May,2016-05,2016-05-01,19,5,Friday,false
20160512,2016-05-12,2016,2,Q2,5,May,May,2016-05,2016-05-01,19,4,Thursday,false
20160511,2016-05-11,2016,2,Q2,5,May,May,2016-05,2016-05-01,19,3,Wednesday,false
20160510,2016-05-10,2016,2,Q2,5,May,May,2016-05,2016-05-01,19,2,Tuesday,false
20160509,2016-05-09,2016,2,Q2,5,May,May,2016-05,2016-05-01,19,1,Monday,false
20160508,2016-05-08,2016,2,Q2,5,May,May,2016-05,2016-05-01,18,7,Sunday,true
20160507,2016-05-07,2016,2,Q2,5,May,May,2016-05,2016-05-01,18,6,Saturday,true
20160506,2016-05-06,2016,2,Q2,5,May,May,2016-05,2016-05-01,18,5,Friday,false
20160505,2016-05-05,2016,2,Q2,5,May,May,2016-05,2016-05-01,18,4,Thursday,false
20160504,2016-05-04,2016,2,Q2,5,May,May,2016-05,2016-05-01,18,3,Wednesday,false
20160503,2016-05-03,2016,2,Q2,5,May,May,2016-05,2016-05-01,18,2,Tuesday,false
20160502,2016-05-02,2016,2,Q2,5,May,May,2016-05,2016-05-01,18,1,Monday,false
20160501,2016-05-01,2016,2,Q2,5,May,May,2016-05,2016-05-01,17,7,Sunday,true
20160430,2016-04-30,2016,2,Q2,4,April,Apr,2016-04,2016-04-01,17,6,Saturday,true
20160429,2016-04-29,2016,2,Q2,4,April,Apr,2016-04,2016-04-01,17,5,Friday,false
20160428,2016-04-28,2016,2,Q2,4,April,Apr,2016-04,2016-04-01,17,4,Thursday,false
20160427,2016-04-27,2016,2,Q2,4,April,Apr,2016-04,2016-04-01,17,3,Wednesday,false
20160426,2016-04-26,2016,2,Q2,4,April,Apr,2016-04,2016-04-01,17,2,Tuesday,false
20160425,2016-04-25,2016,2,Q2,4,April,Apr,2016-04,2016-04-01,17,1,Monday,false
20160424,2016-04-24,2016,2,Q2,4,April,Apr,2016-04,2016-04-01,16,7,Sunday,true
20160423,2016-04-23,2016,2,Q2,4,April,Apr,2016-04,2016-04-01,16,6,Saturday,true
20160422,2016-04-22,2016,2,Q2,4,April,Apr,2016-04,2016-04-01,16,5,Friday,false
20160421,2016-04-21,2016,2,Q2,4,April,Apr,2016-04,2016-04-01,16,4,Thursday,false
20160420,2016-04-20,2016,2,Q2,4,April,Apr,2016-04,2016-04-01,16,3,Wednesday,false
20160419,2016-04-19,2016,2,Q2,4,April,Apr,2016-04,2016-04-01,16,2,Tuesday,false
20160418,2016-04-18,2016,2,Q2,4,April,Apr,2016-04,2016-04-01,16,1,Monday,false
20160417,2016-04-17,2016,2,Q2,4,April,Apr,2016-04,2016-04-01,15,7,Sunday,true
20160416,2016-04-16,2016,2,Q2,4,April,Apr,2016-04,2016-04-01,15,6,Saturday,true
20160415,2016-04-15,2016,2,Q2,4,April,Apr,2016-04,2016-04-01,15,5,Friday,false
20160414,2016-04-14,2016,2,Q2,4,April,Apr,2016-04,2016-04-01,15,4,Thursday,false
20160413,2016-04-13,2016,2,Q2,4,April,Apr,2016-04,2016-04-01,15,3,Wednesday,false
20160412,2016-04-12,2016,2,Q2,4,April,Apr,2016-04,2016-04-01,15,2,Tuesday,false
20160411,2016-04-11,2016,2,Q2,4,April,Apr,2016-04,2016-04-01,15,1,Monday,false
20160410,2016-04-10,2016,2,Q2,4,April,Apr,2016-04,2016-04-01,14,7,Sunday,true
20160409,2016-04-09,2016,2,Q2,4,April,Apr,2016-04,2016-04-01,14,6,Saturday,true
20160408,2016-04-08,2016,2,Q2,4,April,Apr,2016-04,2016-04-01,14,5,Friday,false
20160407,2016-04-07,2016,2,Q2,4,April,Apr,2016-04,2016-04-01,14,4,Thursday,false
20160406,2016-04-06,2016,2,Q2,4,April,Apr,2016-04,2016-04-01,14,3,Wednesday,false
20160405,2016-04-05,2016,2,Q2,4,April,Apr,2016-04,2016-04-01,14,2,Tuesday,false
20160404,2016-04-04,2016,2,Q2,4,April,Apr,2016-04,2016-04-01,14,1,Monday,false
20160403,2016-04-03,2016,2,Q2,4,April,Apr,2016-04,2016-04-01,13,7,Sunday,true
20160402,2016-04-02,2016,2,Q2,4,April,Apr,2016-04,2016-04-01,13,6,Saturday,true
20160401,2016-04-01,2016,2,Q2,4,April,Apr,2016-04,2016-04-01,13,5,Friday,false
20160331,2016-03-31,2016,1,Q1,3,March,Mar,2016-03,2016-03-01,13,4,Thursday,false
20160330,2016-03-30,2016,1,Q1,3,March,Mar,2016-03,2016-03-01,13,3,Wednesday,false
20160329,2016-03-29,2016,1,Q1,3,March,Mar,2016-03,2016-03-01,13,2,Tuesday,false
20160328,2016-03-28,2016,1,Q1,3,March,Mar,2016-03,2016-03-01,13,1,Monday,false
20160327,2016-03-27,2016,1,Q1,3,March,Mar,2016-03,2016-03-01,12,7,Sunday,true
20160326,2016-03-26,2016,1,Q1,3,March,Mar,2016-03,2016-03-01,12,6,Saturday,true
20160325,2016-03-25,2016,1,Q1,3,March,Mar,2016-03,2016-03-01,12,5,Friday,false
20160324,2016-03-24,2016,1,Q1,3,March,Mar,2016-03,2016-03-01,12,4,Thursday,false
20160323,2016-03-23,2016,1,Q1,3,March,Mar,2016-03,2016-03-01,12,3,Wednesday,false
20160322,2016-03-22,2016,1,Q1,3,March,Mar,2016-03,2016-03-01,12,2,Tuesday,false
20160321,2016-03-21,2016,1,Q1,3,March,Mar,2016-03,2016-03-01,12,1,Monday,false
20160320,2016-03-20,2016,1,Q1,3,March,Mar,2016-03,2016-03-01,11,7,Sunday,true
20160319,2016-03-19,2016,1,Q1,3,March,Mar,2016-03,2016-03-01,11,6,Saturday,true
20160318,2016-03-18,2016,1,Q1,3,March,Mar,2016-03,2016-03-01,11,5,Friday,false
20160317,2016-03-17,2016,1,Q1,3,March,Mar,2016-03,2016-03-01,11,4,Thursday,false
20160316,2016-03-16,2016,1,Q1,3,March,Mar,2016-03,2016-03-01,11,3,Wednesday,false
20160315,2016-03-15,2016,1,Q1,3,March,Mar,2016-03,2016-03-01,11,2,Tuesday,false
20160314,2016-03-14,2016,1,Q1,3,March,Mar,2016-03,2016-03-01,11,1,Monday,false
20160313,2016-03-13,2016,1,Q1,3,March,Mar,2016-03,2016-03-01,10,7,Sunday,true
20160312,2016-03-12,2016,1,Q1,3,March,Mar,2016-03,2016-03-01,10,6,Saturday,true
20160311,2016-03-11,2016,1,Q1,3,March,Mar,2016-03,2016-03-01,10,5,Friday,false
20160310,2016-03-10,2016,1,Q1,3,March,Mar,2016-03,2016-03-01,10,4,Thursday,false
20160309,2016-03-09,2016,1,Q1,3,March,Mar,2016-03,2016-03-01,10,3,Wednesday,false
20160308,2016-03-08,2016,1,Q1,3,March,Mar,2016-03,2016-03-01,10,2,Tuesday,false
20160307,2016-03-07,2016,1,Q1,3,March,Mar,2016-03,2016-03-01,10,1,Monday,false
20160306,2016-03-06,2016,1,Q1,3,March,Mar,2016-03,2016-03-01,9,7,Sunday,true
20160305,2016-03-05,2016,1,Q1,3,March,Mar,2016-03,2016-03-01,9,6,Saturday,true
20160304,2016-03-04,2016,1,Q1,3,March,Mar,2016-03,2016-03-01,9,5,Friday,false
20160303,2016-03-03,2016,1,Q1,3,March,Mar,2016-03,2016-03-01,9,4,Thursday,false
20160302,2016-03-02,2016,1,Q1,3,March,Mar,2016-03,2016-03-01,9,3,Wednesday,false
20160301,2016-03-01,2016,1,Q1,3,March,Mar,2016-03,2016-03-01,9,2,Tuesday,false
20160229,2016-02-29,2016,1,Q1,2,February,Feb,2016-02,2016-02-01,9,1,Monday,false
20160228,2016-02-28,2016,1,Q1,2,February,Feb,2016-02,2016-02-01,8,7,Sunday,true
20160227,2016-02-27,2016,1,Q1,2,February,Feb,2016-02,2016-02-01,8,6,Saturday,true
20160226,2016-02-26,2016,1,Q1,2,February,Feb,2016-02,2016-02-01,8,5,Friday,false
20160225,2016-02-25,2016,1,Q1,2,February,Feb,2016-02,2016-02-01,8,4,Thursday,false
20160224,2016-02-24,2016,1,Q1,2,February,Feb,2016-02,2016-02-01,8,3,Wednesday,false
20160223,2016-02-23,2016,1,Q1,2,February,Feb,2016-02,2016-02-01,8,2,Tuesday,false
20160222,2016-02-22,2016,1,Q1,2,February,Feb,2016-02,2016-02-01,8,1,Monday,false
20160221,2016-02-21,2016,1,Q1,2,February,Feb,2016-02,2016-02-01,7,7,Sunday,true
20160220,2016-02-20,2016,1,Q1,2,February,Feb,2016-02,2016-02-01,7,6,Saturday,true
20160219,2016-02-19,2016,1,Q1,2,February,Feb,2016-02,2016-02-01,7,5,Friday,false
20160218,2016-02-18,2016,1,Q1,2,February,Feb,2016-02,2016-02-01,7,4,Thursday,false
20160217,2016-02-17,2016,1,Q1,2,February,Feb,2016-02,2016-02-01,7,3,Wednesday,false
20160216,2016-02-16,2016,1,Q1,2,February,Feb,2016-02,2016-02-01,7,2,Tuesday,false
20160215,2016-02-15,2016,1,Q1,2,February,Feb,2016-02,2016-02-01,7,1,Monday,false
20160214,2016-02-14,2016,1,Q1,2,February,Feb,2016-02,2016-02-01,6,7,Sunday,true
20160213,2016-02-13,2016,1,Q1,2,February,Feb,2016-02,2016-02-01,6,6,Saturday,true
20160212,2016-02-12,2016,1,Q1,2,February,Feb,2016-02,2016-02-01,6,5,Friday,false
20160211,2016-02-11,2016,1,Q1,2,February,Feb,2016-02,2016-02-01,6,4,Thursday,false
20160210,2016-02-10,2016,1,Q1,2,February,Feb,2016-02,2016-02-01,6,3,Wednesday,false
20160209,2016-02-09,2016,1,Q1,2,February,Feb,2016-02,2016-02-01,6,2,Tuesday,false
20160208,2016-02-08,2016,1,Q1,2,February,Feb,2016-02,2016-02-01,6,1,Monday,false
20160207,2016-02-07,2016,1,Q1,2,February,Feb,2016-02,2016-02-01,5,7,Sunday,true
20160206,2016-02-06,2016,1,Q1,2,February,Feb,2016-02,2016-02-01,5,6,Saturday,true
20160205,2016-02-05,2016,1,Q1,2,February,Feb,2016-02,2016-02-01,5,5,Friday,false
20160204,2016-02-04,2016,1,Q1,2,February,Feb,2016-02,2016-02-01,5,4,Thursday,false
20160203,2016-02-03,2016,1,Q1,2,February,Feb,2016-02,2016-02-01,5,3,Wednesday,false
20160202,2016-02-02,2016,1,Q1,2,February,Feb,2016-02,2016-02-01,5,2,Tuesday,false
20160201,2016-02-01,2016,1,Q1,2,February,Feb,2016-02,2016-02-01,5,1,Monday,false
20160131,2016-01-31,2016,1,Q1,1,January,Jan,2016-01,2016-01-01,4,7,Sunday,true
20160130,2016-01-30,2016,1,Q1,1,January,Jan,2016-01,2016-01-01,4,6,Saturday,true
20160129,2016-01-29,2016,1,Q1,1,January,Jan,2016-01,2016-01-01,4,5,Friday,false
20160128,2016-01-28,2016,1,Q1,1,January,Jan,2016-01,2016-01-01,4,4,Thursday,false
20160127,2016-01-27,2016,1,Q1,1,January,Jan,2016-01,2016-01-01,4,3,Wednesday,false
20160126,2016-01-26,2016,1,Q1,1,January,Jan,2016-01,2016-01-01,4,2,Tuesday,false
20160125,2016-01-25,2016,1,Q1,1,January,Jan,2016-01,2016-01-01,4,1,Monday,false
20160124,2016-01-24,2016,1,Q1,1,January,Jan,2016-01,2016-01-01,3,7,Sunday,true
20160123,2016-01-23,2016,1,Q1,1,January,Jan,2016-01,2016-01-01,3,6,Saturday,true
20160122,2016-01-22,2016,1,Q1,1,January,Jan,2016-01,2016-01-01,3,5,Friday,false
20160121,2016-01-21,2016,1,Q1,1,January,Jan,2016-01,2016-01-01,3,4,Thursday,false
20160120,2016-01-20,2016,1,Q1,1,January,Jan,2016-01,2016-01-01,3,3,Wednesday,false
20160119,2016-01-19,2016,1,Q1,1,January,Jan,2016-01,2016-01-01,3,2,Tuesday,false
20160118,2016-01-18,2016,1,Q1,1,January,Jan,2016-01,2016-01-01,3,1,Monday,false
20160117,2016-01-17,2016,1,Q1,1,January,Jan,2016-01,2016-01-01,2,7,Sunday,true
20160116,2016-01-16,2016,1,Q1,1,January,Jan,2016-01,2016-01-01,2,6,Saturday,true
20160115,2016-01-15,2016,1,Q1,1,January,Jan,2016-01,2016-01-01,2,5,Friday,false
20160114,2016-01-14,2016,1,Q1,1,January,Jan,2016-01,2016-01-01,2,4,Thursday,false
20160113,2016-01-13,2016,1,Q1,1,January,Jan,2016-01,2016-01-01,2,3,Wednesday,false
20160112,2016-01-12,2016,1,Q1,1,January,Jan,2016-01,2016-01-01,2,2,Tuesday,false
20160111,2016-01-11,2016,1,Q1,1,January,Jan,2016-01,2016-01-01,2,1,Monday,false
20160110,2016-01-10,2016,1,Q1,1,January,Jan,2016-01,2016-01-01,1,7,Sunday,true
20160109,2016-01-09,2016,1,Q1,1,January,Jan,2016-01,2016-01-01,1,6,Saturday,true
20160108,2016-01-08,2016,1,Q1,1,January,Jan,2016-01,2016-01-01,1,5,Friday,false
20160107,2016-01-07,2016,1,Q1,1,January,Jan,2016-01,2016-01-01,1,4,Thursday,false
20160106,2016-01-06,2016,1,Q1,1,January,Jan,2016-01,2016-01-01,1,3,Wednesday,false
20160105,2016-01-05,2016,1,Q1,1,January,Jan,2016-01,2016-01-01,1,2,Tuesday,false
20160104,2016-01-04,2016,1,Q1,1,January,Jan,2016-01,2016-01-01,1,1,Monday,false
20160103,2016-01-03,2016,1,Q1,1,January,Jan,2016-01,2016-01-01,53,7,Sunday,true
20160102,2016-01-02,2016,1,Q1,1,January,Jan,2016-01,2016-01-01,53,6,Saturday,true
20160101,2016-01-01,2016,1,Q1,1,January,Jan,2016-01,2016-01-01,53,5,Friday,false
20151231,2015-12-31,2015,4,Q4,12,December,Dec,2015-12,2015-12-01,53,4,Thursday,false
20151230,2015-12-30,2015,4,Q4,12,December,Dec,2015-12,2015-12-01,53,3,Wednesday,false
20151229,2015-12-29,2015,4,Q4,12,December,Dec,2015-12,2015-12-01,53,2,Tuesday,false
20151228,2015-12-28,2015,4,Q4,12,December,Dec,2015-12,2015-12-01,53,1,Monday,false
20151227,2015-12-27,2015,4,Q4,12,December,Dec,2015-12,2015-12-01,52,7,Sunday,true
20151226,2015-12-26,2015,4,Q4,12,December,Dec,2015-12,2015-12-01,52,6,Saturday,true
20151225,2015-12-25,2015,4,Q4,12,December,Dec,2015-12,2015-12-01,52,5,Friday,false
20151224,2015-12-24,2015,4,Q4,12,December,Dec,2015-12,2015-12-01,52,4,Thursday,false
20151223,2015-12-23,2015,4,Q4,12,December,Dec,2015-12,2015-12-01,52,3,Wednesday,false
20151222,2015-12-22,2015,4,Q4,12,December,Dec,2015-12,2015-12-01,52,2,Tuesday,false
20151221,2015-12-21,2015,4,Q4,12,December,Dec,2015-12,2015-12-01,52,1,Monday,false
20151220,2015-12-20,2015,4,Q4,12,December,Dec,2015-12,2015-12-01,51,7,Sunday,true
20151219,2015-12-19,2015,4,Q4,12,December,Dec,2015-12,2015-12-01,51,6,Saturday,true
20151218,2015-12-18,2015,4,Q4,12,December,Dec,2015-12,2015-12-01,51,5,Friday,false
20151217,2015-12-17,2015,4,Q4,12,December,Dec,2015-12,2015-12-01,51,4,Thursday,false
20151216,2015-12-16,2015,4,Q4,12,December,Dec,2015-12,2015-12-01,51,3,Wednesday,false
20151215,2015-12-15,2015,4,Q4,12,December,Dec,2015-12,2015-12-01,51,2,Tuesday,false
20151214,2015-12-14,2015,4,Q4,12,December,Dec,2015-12,2015-12-01,51,1,Monday,false
20151213,2015-12-13,2015,4,Q4,12,December,Dec,2015-12,2015-12-01,50,7,Sunday,true
20151212,2015-12-12,2015,4,Q4,12,December,Dec,2015-12,2015-12-01,50,6,Saturday,true
20151211,2015-12-11,2015,4,Q4,12,December,Dec,2015-12,2015-12-01,50,5,Friday,false
20151210,2015-12-10,2015,4,Q4,12,December,Dec,2015-12,2015-12-01,50,4,Thursday,false
20151209,2015-12-09,2015,4,Q4,12,December,Dec,2015-12,2015-12-01,50,3,Wednesday,false
20151208,2015-12-08,2015,4,Q4,12,December,Dec,2015-12,2015-12-01,50,2,Tuesday,false
20151207,2015-12-07,2015,4,Q4,12,December,Dec,2015-12,2015-12-01,50,1,Monday,false
20151206,2015-12-06,2015,4,Q4,12,December,Dec,2015-12,2015-12-01,49,7,Sunday,true
20151205,2015-12-05,2015,4,Q4,12,December,Dec,2015-12,2015-12-01,49,6,Saturday,true
20151204,2015-12-04,2015,4,Q4,12,December,Dec,2015-12,2015-12-01,49,5,Friday,false
20151203,2015-12-03,2015,4,Q4,12,December,Dec,2015-12,2015-12-01,49,4,Thursday,false
20151202,2015-12-02,2015,4,Q4,12,December,Dec,2015-12,2015-12-01,49,3,Wednesday,false
20151201,2015-12-01,2015,4,Q4,12,December,Dec,2015-12,2015-12-01,49,2,Tuesday,false
20151130,2015-11-30,2015,4,Q4,11,November,Nov,2015-11,2015-11-01,49,1,Monday,false
20151129,2015-11-29,2015,4,Q4,11,November,Nov,2015-11,2015-11-01,48,7,Sunday,true
20151128,2015-11-28,2015,4,Q4,11,November,Nov,2015-11,2015-11-01,48,6,Saturday,true
20151127,2015-11-27,2015,4,Q4,11,November,Nov,2015-11,2015-11-01,48,5,Friday,false
20151126,2015-11-26,2015,4,Q4,11,November,Nov,2015-11,2015-11-01,48,4,Thursday,false
20151125,2015-11-25,2015,4,Q4,11,November,Nov,2015-11,2015-11-01,48,3,Wednesday,false
20151124,2015-11-24,2015,4,Q4,11,November,Nov,2015-11,2015-11-01,48,2,Tuesday,false
20151123,2015-11-23,2015,4,Q4,11,November,Nov,2015-11,2015-11-01,48,1,Monday,false
20151122,2015-11-22,2015,4,Q4,11,November,Nov,2015-11,2015-11-01,47,7,Sunday,true
20151121,2015-11-21,2015,4,Q4,11,November,Nov,2015-11,2015-11-01,47,6,Saturday,true
20151120,2015-11-20,2015,4,Q4,11,November,Nov,2015-11,2015-11-01,47,5,Friday,false
20151119,2015-11-19,2015,4,Q4,11,November,Nov,2015-11,2015-11-01,47,4,Thursday,false
20151118,2015-11-18,2015,4,Q4,11,November,Nov,2015-11,2015-11-01,47,3,Wednesday,false
20151117,2015-11-17,2015,4,Q4,11,November,Nov,2015-11,2015-11-01,47,2,Tuesday,false
20151116,2015-11-16,2015,4,Q4,11,November,Nov,2015-11,2015-11-01,47,1,Monday,false
20151115,2015-11-15,2015,4,Q4,11,November,Nov,2015-11,2015-11-01,46,7,Sunday,true
20151114,2015-11-14,2015,4,Q4,11,November,Nov,2015-11,2015-11-01,46,6,Saturday,true
20151113,2015-11-13,2015,4,Q4,11,November,Nov,2015-11,2015-11-01,46,5,Friday,false
20151112,2015-11-12,2015,4,Q4,11,November,Nov,2015-11,2015-11-01,46,4,Thursday,false
20151111,2015-11-11,2015,4,Q4,11,November,Nov,2015-11,2015-11-01,46,3,Wednesday,false
20151110,2015-11-10,2015,4,Q4,11,November,Nov,2015-11,2015-11-01,46,2,Tuesday,false
20151109,2015-11-09,2015,4,Q4,11,November,Nov,2015-11,2015-11-01,46,1,Monday,false
20151108,2015-11-08,2015,4,Q4,11,November,Nov,2015-11,2015-11-01,45,7,Sunday,true
20151107,2015-11-07,2015,4,Q4,11,November,Nov,2015-11,2015-11-01,45,6,Saturday,true
20151106,2015-11-06,2015,4,Q4,11,November,Nov,2015-11,2015-11-01,45,5,Friday,false
20151105,2015-11-05,2015,4,Q4,11,November,Nov,2015-11,2015-11-01,45,4,Thursday,false
20151104,2015-11-04,2015,4,Q4,11,November,Nov,2015-11,2015-11-01,45,3,Wednesday,false
20151103,2015-11-03,2015,4,Q4,11,November,Nov,2015-11,2015-11-01,45,2,Tuesday,false
20151102,2015-11-02,2015,4,Q4,11,November,Nov,2015-11,2015-11-01,45,1,Monday,false
20151101,2015-11-01,2015,4,Q4,11,November,Nov,2015-11,2015-11-01,44,7,Sunday,true
20151031,2015-10-31,2015,4,Q4,10,October,Oct,2015-10,2015-10-01,44,6,Saturday,true
20151030,2015-10-30,2015,4,Q4,10,October,Oct,2015-10,2015-10-01,44,5,Friday,false
20151029,2015-10-29,2015,4,Q4,10,October,Oct,2015-10,2015-10-01,44,4,Thursday,false
20151028,2015-10-28,2015,4,Q4,10,October,Oct,2015-10,2015-10-01,44,3,Wednesday,false
20151027,2015-10-27,2015,4,Q4,10,October,Oct,2015-10,2015-10-01,44,2,Tuesday,false
20151026,2015-10-26,2015,4,Q4,10,October,Oct,2015-10,2015-10-01,44,1,Monday,false
20151025,2015-10-25,2015,4,Q4,10,October,Oct,2015-10,2015-10-01,43,7,Sunday,true
20151024,2015-10-24,2015,4,Q4,10,October,Oct,2015-10,2015-10-01,43,6,Saturday,true
20151023,2015-10-23,2015,4,Q4,10,October,Oct,2015-10,2015-10-01,43,5,Friday,false
20151022,2015-10-22,2015,4,Q4,10,October,Oct,2015-10,2015-10-01,43,4,Thursday,false
20151021,2015-10-21,2015,4,Q4,10,October,Oct,2015-10,2015-10-01,43,3,Wednesday,false
20151020,2015-10-20,2015,4,Q4,10,October,Oct,2015-10,2015-10-01,43,2,Tuesday,false
20151019,2015-10-19,2015,4,Q4,10,October,Oct,2015-10,2015-10-01,43,1,Monday,false
20151018,2015-10-18,2015,4,Q4,10,October,Oct,2015-10,2015-10-01,42,7,Sunday,true
20151017,2015-10-17,2015,4,Q4,10,October,Oct,2015-10,2015-10-01,42,6,Saturday,true
20151016,2015-10-16,2015,4,Q4,10,October,Oct,2015-10,2015-10-01,42,5,Friday,false
20151015,2015-10-15,2015,4,Q4,10,October,Oct,2015-10,2015-10-01,42,4,Thursday,false
20151014,2015-10-14,2015,4,Q4,10,October,Oct,2015-10,2015-10-01,42,3,Wednesday,false
20151013,2015-10-13,2015,4,Q4,10,October,Oct,2015-10,2015-10-01,42,2,Tuesday,false
20151012,2015-10-12,2015,4,Q4,10,October,Oct,2015-10,2015-10-01,42,1,Monday,false
20151011,2015-10-11,2015,4,Q4,10,October,Oct,2015-10,2015-10-01,41,7,Sunday,true
20151010,2015-10-10,2015,4,Q4,10,October,Oct,2015-10,2015-10-01,41,6,Saturday,true
20151009,2015-10-09,2015,4,Q4,10,October,Oct,2015-10,2015-10-01,41,5,Friday,false
20151008,2015-10-08,2015,4,Q4,10,October,Oct,2015-10,2015-10-01,41,4,Thursday,false
20151007,2015-10-07,2015,4,Q4,10,October,Oct,2015-10,2015-10-01,41,3,Wednesday,false
20151006,2015-10-06,2015,4,Q4,10,October,Oct,2015-10,2015-10-01,41,2,Tuesday,false
20151005,2015-10-05,2015,4,Q4,10,October,Oct,2015-10,2015-10-01,41,1,Monday,false
20151004,2015-10-04,2015,4,Q4,10,October,Oct,2015-10,2015-10-01,40,7,Sunday,true
20151003,2015-10-03,2015,4,Q4,10,October,Oct,2015-10,2015-10-01,40,6,Saturday,true
20151002,2015-10-02,2015,4,Q4,10,October,Oct,2015-10,2015-10-01,40,5,Friday,false
20151001,2015-10-01,2015,4,Q4,10,October,Oct,2015-10,2015-10-01,40,4,Thursday,false
20150930,2015-09-30,2015,3,Q3,9,September,Sep,2015-09,2015-09-01,40,3,Wednesday,false
20150929,2015-09-29,2015,3,Q3,9,September,Sep,2015-09,2015-09-01,40,2,Tuesday,false
20150928,2015-09-28,2015,3,Q3,9,September,Sep,2015-09,2015-09-01,40,1,Monday,false
20150927,2015-09-27,2015,3,Q3,9,September,Sep,2015-09,2015-09-01,39,7,Sunday,true
20150926,2015-09-26,2015,3,Q3,9,September,Sep,2015-09,2015-09-01,39,6,Saturday,true
20150925,2015-09-25,2015,3,Q3,9,September,Sep,2015-09,2015-09-01,39,5,Friday,false
20150924,2015-09-24,2015,3,Q3,9,September,Sep,2015-09,2015-09-01,39,4,Thursday,false
20150923,2015-09-23,2015,3,Q3,9,September,Sep,2015-09,2015-09-01,39,3,Wednesday,false
20150922,2015-09-22,2015,3,Q3,9,September,Sep,2015-09,2015-09-01,39,2,Tuesday,false
20150921,2015-09-21,2015,3,Q3,9,September,Sep,2015-09,2015-09-01,39,1,Monday,false
20150920,2015-09-20,2015,3,Q3,9,September,Sep,2015-09,2015-09-01,38,7,Sunday,true
20150919,2015-09-19,2015,3,Q3,9,September,Sep,2015-09,2015-09-01,38,6,Saturday,true
20150918,2015-09-18,2015,3,Q3,9,September,Sep,2015-09,2015-09-01,38,5,Friday,false
20150917,2015-09-17,2015,3,Q3,9,September,Sep,2015-09,2015-09-01,38,4,Thursday,false
20150916,2015-09-16,2015,3,Q3,9,September,Sep,2015-09,2015-09-01,38,3,Wednesday,false
20150915,2015-09-15,2015,3,Q3,9,September,Sep,2015-09,2015-09-01,38,2,Tuesday,false
20150914,2015-09-14,2015,3,Q3,9,September,Sep,2015-09,2015-09-01,38,1,Monday,false
20150913,2015-09-13,2015,3,Q3,9,September,Sep,2015-09,2015-09-01,37,7,Sunday,true
20150912,2015-09-12,2015,3,Q3,9,September,Sep,2015-09,2015-09-01,37,6,Saturday,true
20150911,2015-09-11,2015,3,Q3,9,September,Sep,2015-09,2015-09-01,37,5,Friday,false
20150910,2015-09-10,2015,3,Q3,9,September,Sep,2015-09,2015-09-01,37,4,Thursday,false
20150909,2015-09-09,2015,3,Q3,9,September,Sep,2015-09,2015-09-01,37,3,Wednesday,false
20150908,2015-09-08,2015,3,Q3,9,September,Sep,2015-09,2015-09-01,37,2,Tuesday,false
20150907,2015-09-07,2015,3,Q3,9,September,Sep,2015-09,2015-09-01,37,1,Monday,false
20150906,2015-09-06,2015,3,Q3,9,September,Sep,2015-09,2015-09-01,36,7,Sunday,true
20150905,2015-09-05,2015,3,Q3,9,September,Sep,2015-09,2015-09-01,36,6,Saturday,true
20150904,2015-09-04,2015,3,Q3,9,September,Sep,2015-09,2015-09-01,36,5,Friday,false
20150903,2015-09-03,2015,3,Q3,9,September,Sep,2015-09,2015-09-01,36,4,Thursday,false
20150902,2015-09-02,2015,3,Q3,9,September,Sep,2015-09,2015-09-01,36,3,Wednesday,false
20150901,2015-09-01,2015,3,Q3,9,September,Sep,2015-09,2015-09-01,36,2,Tuesday,false
20150831,2015-08-31,2015,3,Q3,8,August,Aug,2015-08,2015-08-01,36,1,Monday,false
20150830,2015-08-30,2015,3,Q3,8,August,Aug,2015-08,2015-08-01,35,7,Sunday,true
20150829,2015-08-29,2015,3,Q3,8,August,Aug,2015-08,2015-08-01,35,6,Saturday,true
20150828,2015-08-28,2015,3,Q3,8,August,Aug,2015-08,2015-08-01,35,5,Friday,false
20150827,2015-08-27,2015,3,Q3,8,August,Aug,2015-08,2015-08-01,35,4,Thursday,false
20150826,2015-08-26,2015,3,Q3,8,August,Aug,2015-08,2015-08-01,35,3,Wednesday,false
20150825,2015-08-25,2015,3,Q3,8,August,Aug,2015-08,2015-08-01,35,2,Tuesday,false
20150824,2015-08-24,2015,3,Q3,8,August,Aug,2015-08,2015-08-01,35,1,Monday,false
20150823,2015-08-23,2015,3,Q3,8,August,Aug,2015-08,2015-08-01,34,7,Sunday,true
20150822,2015-08-22,2015,3,Q3,8,August,Aug,2015-08,2015-08-01,34,6,Saturday,true
20150821,2015-08-21,2015,3,Q3,8,August,Aug,2015-08,2015-08-01,34,5,Friday,false
20150820,2015-08-20,2015,3,Q3,8,August,Aug,2015-08,2015-08-01,34,4,Thursday,false
20150819,2015-08-19,2015,3,Q3,8,August,Aug,2015-08,2015-08-01,34,3,Wednesday,false
20150818,2015-08-18,2015,3,Q3,8,August,Aug,2015-08,2015-08-01,34,2,Tuesday,false
20150817,2015-08-17,2015,3,Q3,8,August,Aug,2015-08,2015-08-01,34,1,Monday,false
20150816,2015-08-16,2015,3,Q3,8,August,Aug,2015-08,2015-08-01,33,7,Sunday,true
20150815,2015-08-15,2015,3,Q3,8,August,Aug,2015-08,2015-08-01,33,6,Saturday,true
20150814,2015-08-14,2015,3,Q3,8,August,Aug,2015-08,2015-08-01,33,5,Friday,false
20150813,2015-08-13,2015,3,Q3,8,August,Aug,2015-08,2015-08-01,33,4,Thursday,false
20150812,2015-08-12,2015,3,Q3,8,August,Aug,2015-08,2015-08-01,33,3,Wednesday,false
20150811,2015-08-11,2015,3,Q3,8,August,Aug,2015-08,2015-08-01,33,2,Tuesday,false
20150810,2015-08-10,2015,3,Q3,8,August,Aug,2015-08,2015-08-01,33,1,Monday,false
20150809,2015-08-09,2015,3,Q3,8,August,Aug,2015-08,2015-08-01,32,7,Sunday,true
20150808,2015-08-08,2015,3,Q3,8,August,Aug,2015-08,2015-08-01,32,6,Saturday,true
20150807,2015-08-07,2015,3,Q3,8,August,Aug,2015-08,2015-08-01,32,5,Friday,false
20150806,2015-08-06,2015,3,Q3,8,August,Aug,2015-08,2015-08-01,32,4,Thursday,false
20150805,2015-08-05,2015,3,Q3,8,August,Aug,2015-08,2015-08-01,32,3,Wednesday,false
20150804,2015-08-04,2015,3,Q3,8,August,Aug,2015-08,2015-08-01,32,2,Tuesday,false
20150803,2015-08-03,2015,3,Q3,8,August,Aug,2015-08,2015-08-01,32,1,Monday,false
20150802,2015-08-02,2015,3,Q3,8,August,Aug,2015-08,2015-08-01,31,7,Sunday,true
20150801,2015-08-01,2015,3,Q3,8,August,Aug,2015-08,2015-08-01,31,6,Saturday,true
20150731,2015-07-31,2015,3,Q3,7,July,Jul,2015-07,2015-07-01,31,5,Friday,false
20150730,2015-07-30,2015,3,Q3,7,July,Jul,2015-07,2015-07-01,31,4,Thursday,false
20150729,2015-07-29,2015,3,Q3,7,July,Jul,2015-07,2015-07-01,31,3,Wednesday,false
20150728,2015-07-28,2015,3,Q3,7,July,Jul,2015-07,2015-07-01,31,2,Tuesday,false
20150727,2015-07-27,2015,3,Q3,7,July,Jul,2015-07,2015-07-01,31,1,Monday,false
20150726,2015-07-26,2015,3,Q3,7,July,Jul,2015-07,2015-07-01,30,7,Sunday,true
20150725,2015-07-25,2015,3,Q3,7,July,Jul,2015-07,2015-07-01,30,6,Saturday,true
20150724,2015-07-24,2015,3,Q3,7,July,Jul,2015-07,2015-07-01,30,5,Friday,false
20150723,2015-07-23,2015,3,Q3,7,July,Jul,2015-07,2015-07-01,30,4,Thursday,false
20150722,2015-07-22,2015,3,Q3,7,July,Jul,2015-07,2015-07-01,30,3,Wednesday,false
20150721,2015-07-21,2015,3,Q3,7,July,Jul,2015-07,2015-07-01,30,2,Tuesday,false
20150720,2015-07-20,2015,3,Q3,7,July,Jul,2015-07,2015-07-01,30,1,Monday,false
20150719,2015-07-19,2015,3,Q3,7,July,Jul,2015-07,2015-07-01,29,7,Sunday,true
20150718,2015-07-18,2015,3,Q3,7,July,Jul,2015-07,2015-07-01,29,6,Saturday,true
20150717,2015-07-17,2015,3,Q3,7,July,Jul,2015-07,2015-07-01,29,5,Friday,false
20150716,2015-07-16,2015,3,Q3,7,July,Jul,2015-07,2015-07-01,29,4,Thursday,false
20150715,2015-07-15,2015,3,Q3,7,July,Jul,2015-07,2015-07-01,29,3,Wednesday,false
20150714,2015-07-14,2015,3,Q3,7,July,Jul,2015-07,2015-07-01,29,2,Tuesday,false
20150713,2015-07-13,2015,3,Q3,7,July,Jul,2015-07,2015-07-01,29,1,Monday,false
20150712,2015-07-12,2015,3,Q3,7,July,Jul,2015-07,2015-07-01,28,7,Sunday,true
20150711,2015-07-11,2015,3,Q3,7,July,Jul,2015-07,2015-07-01,28,6,Saturday,true
20150710,2015-07-10,2015,3,Q3,7,July,Jul,2015-07,2015-07-01,28,5,Friday,false
20150709,2015-07-09,2015,3,Q3,7,July,Jul,2015-07,2015-07-01,28,4,Thursday,false
20150708,2015-07-08,2015,3,Q3,7,July,Jul,2015-07,2015-07-01,28,3,Wednesday,false
20150707,2015-07-07,2015,3,Q3,7,July,Jul,2015-07,2015-07-01,28,2,Tuesday,false
20150706,2015-07-06,2015,3,Q3,7,July,Jul,2015-07,2015-07-01,28,1,Monday,false
20150705,2015-07-05,2015,3,Q3,7,July,Jul,2015-07,2015-07-01,27,7,Sunday,true
20150704,2015-07-04,2015,3,Q3,7,July,Jul,2015-07,2015-07-01,27,6,Saturday,true
20150703,2015-07-03,2015,3,Q3,7,July,Jul,2015-07,2015-07-01,27,5,Friday,false
20150702,2015-07-02,2015,3,Q3,7,July,Jul,2015-07,2015-07-01,27,4,Thursday,false
20150701,2015-07-01,2015,3,Q3,7,July,Jul,2015-07,2015-07-01,27,3,Wednesday,false
20150630,2015-06-30,2015,2,Q2,6,June,Jun,2015-06,2015-06-01,27,2,Tuesday,false
20150629,2015-06-29,2015,2,Q2,6,June,Jun,2015-06,2015-06-01,27,1,Monday,false
20150628,2015-06-28,2015,2,Q2,6,June,Jun,2015-06,2015-06-01,26,7,Sunday,true
20150627,2015-06-27,2015,2,Q2,6,June,Jun,2015-06,2015-06-01,26,6,Saturday,true
20150626,2015-06-26,2015,2,Q2,6,June,Jun,2015-06,2015-06-01,26,5,Friday,false
20150625,2015-06-25,2015,2,Q2,6,June,Jun,2015-06,2015-06-01,26,4,Thursday,false
20150624,2015-06-24,2015,2,Q2,6,June,Jun,2015-06,2015-06-01,26,3,Wednesday,false
20150623,2015-06-23,2015,2,Q2,6,June,Jun,2015-06,2015-06-01,26,2,Tuesday,false
20150622,2015-06-22,2015,2,Q2,6,June,Jun,2015-06,2015-06-01,26,1,Monday,false
20150621,2015-06-21,2015,2,Q2,6,June,Jun,2015-06,2015-06-01,25,7,Sunday,true
20150620,2015-06-20,2015,2,Q2,6,June,Jun,2015-06,2015-06-01,25,6,Saturday,true
20150619,2015-06-19,2015,2,Q2,6,June,Jun,2015-06,2015-06-01,25,5,Friday,false
20150618,2015-06-18,2015,2,Q2,6,June,Jun,2015-06,2015-06-01,25,4,Thursday,false
20150617,2015-06-17,2015,2,Q2,6,June,Jun,2015-06,2015-06-01,25,3,Wednesday,false
20150616,2015-06-16,2015,2,Q2,6,June,Jun,2015-06,2015-06-01,25,2,Tuesday,false
20150615,2015-06-15,2015,2,Q2,6,June,Jun,2015-06,2015-06-01,25,1,Monday,false
20150614,2015-06-14,2015,2,Q2,6,June,Jun,2015-06,2015-06-01,24,7,Sunday,true
20150613,2015-06-13,2015,2,Q2,6,June,Jun,2015-06,2015-06-01,24,6,Saturday,true
20150612,2015-06-12,2015,2,Q2,6,June,Jun,2015-06,2015-06-01,24,5,Friday,false
20150611,2015-06-11,2015,2,Q2,6,June,Jun,2015-06,2015-06-01,24,4,Thursday,false
20150610,2015-06-10,2015,2,Q2,6,June,Jun,2015-06,2015-06-01,24,3,Wednesday,false
20150609,2015-06-09,2015,2,Q2,6,June,Jun,2015-06,2015-06-01,24,2,Tuesday,false
20150608,2015-06-08,2015,2,Q2,6,June,Jun,2015-06,2015-06-01,24,1,Monday,false
20150607,2015-06-07,2015,2,Q2,6,June,Jun,2015-06,2015-06-01,23,7,Sunday,true
20150606,2015-06-06,2015,2,Q2,6,June,Jun,2015-06,2015-06-01,23,6,Saturday,true
20150605,2015-06-05,2015,2,Q2,6,June,Jun,2015-06,2015-06-01,23,5,Friday,false
20150604,2015-06-04,2015,2,Q2,6,June,Jun,2015-06,2015-06-01,23,4,Thursday,false
20150603,2015-06-03,2015,2,Q2,6,June,Jun,2015-06,2015-06-01,23,3,Wednesday,false
20150602,2015-06-02,2015,2,Q2,6,June,Jun,2015-06,2015-06-01,23,2,Tuesday,false
20150601,2015-06-01,2015,2,Q2,6,June,Jun,2015-06,2015-06-01,23,1,Monday,false
20150531,2015-05-31,2015,2,Q2,5,May,May,2015-05,2015-05-01,22,7,Sunday,true
20150530,2015-05-30,2015,2,Q2,5,May,May,2015-05,2015-05-01,22,6,Saturday,true
20150529,2015-05-29,2015,2,Q2,5,May,May,2015-05,2015-05-01,22,5,Friday,false
20150528,2015-05-28,2015,2,Q2,5,May,May,2015-05,2015-05-01,22,4,Thursday,false
20150527,2015-05-27,2015,2,Q2,5,May,May,2015-05,2015-05-01,22,3,Wednesday,false
20150526,2015-05-26,2015,2,Q2,5,May,May,2015-05,2015-05-01,22,2,Tuesday,false
20150525,2015-05-25,2015,2,Q2,5,May,May,2015-05,2015-05-01,22,1,Monday,false
20150524,2015-05-24,2015,2,Q2,5,May,May,2015-05,2015-05-01,21,7,Sunday,true
20150523,2015-05-23,2015,2,Q2,5,May,May,2015-05,2015-05-01,21,6,Saturday,true
20150522,2015-05-22,2015,2,Q2,5,May,May,2015-05,2015-05-01,21,5,Friday,false
20150521,2015-05-21,2015,2,Q2,5,May,May,2015-05,2015-05-01,21,4,Thursday,false
20150520,2015-05-20,2015,2,Q2,5,May,May,2015-05,2015-05-01,21,3,Wednesday,false
20150519,2015-05-19,2015,2,Q2,5,May,May,2015-05,2015-05-01,21,2,Tuesday,false
20150518,2015-05-18,2015,2,Q2,5,May,May,2015-05,2015-05-01,21,1,Monday,false
20150517,2015-05-17,2015,2,Q2,5,May,May,2015-05,2015-05-01,20,7,Sunday,true
20150516,2015-05-16,2015,2,Q2,5,May,May,2015-05,2015-05-01,20,6,Saturday,true
20150515,2015-05-15,2015,2,Q2,5,May,May,2015-05,2015-05-01,20,5,Friday,false
20150514,2015-05-14,2015,2,Q2,5,May,May,2015-05,2015-05-01,20,4,Thursday,false
20150513,2015-05-13,2015,2,Q2,5,May,May,2015-05,2015-05-01,20,3,Wednesday,false
20150512,2015-05-12,2015,2,Q2,5,May,May,2015-05,2015-05-01,20,2,Tuesday,false
20150511,2015-05-11,2015,2,Q2,5,May,May,2015-05,2015-05-01,20,1,Monday,false
20150510,2015-05-10,2015,2,Q2,5,May,May,2015-05,2015-05-01,19,7,Sunday,true
20150509,2015-05-09,2015,2,Q2,5,May,May,2015-05,2015-05-01,19,6,Saturday,true
20150508,2015-05-08,2015,2,Q2,5,May,May,2015-05,2015-05-01,19,5,Friday,false
20150507,2015-05-07,2015,2,Q2,5,May,May,2015-05,2015-05-01,19,4,Thursday,false
20150506,2015-05-06,2015,2,Q2,5,May,May,2015-05,2015-05-01,19,3,Wednesday,false
20150505,2015-05-05,2015,2,Q2,5,May,May,2015-05,2015-05-01,19,2,Tuesday,false
20150504,2015-05-04,2015,2,Q2,5,May,May,2015-05,2015-05-01,19,1,Monday,false
20150503,2015-05-03,2015,2,Q2,5,May,May,2015-05,2015-05-01,18,7,Sunday,true
20150502,2015-05-02,2015,2,Q2,5,May,May,2015-05,2015-05-01,18,6,Saturday,true
20150501,2015-05-01,2015,2,Q2,5,May,May,2015-05,2015-05-01,18,5,Friday,false
20150430,2015-04-30,2015,2,Q2,4,April,Apr,2015-04,2015-04-01,18,4,Thursday,false
20150429,2015-04-29,2015,2,Q2,4,April,Apr,2015-04,2015-04-01,18,3,Wednesday,false
20150428,2015-04-28,2015,2,Q2,4,April,Apr,2015-04,2015-04-01,18,2,Tuesday,false
20150427,2015-04-27,2015,2,Q2,4,April,Apr,2015-04,2015-04-01,18,1,Monday,false
20150426,2015-04-26,2015,2,Q2,4,April,Apr,2015-04,2015-04-01,17,7,Sunday,true
20150425,2015-04-25,2015,2,Q2,4,April,Apr,2015-04,2015-04-01,17,6,Saturday,true
20150424,2015-04-24,2015,2,Q2,4,April,Apr,2015-04,2015-04-01,17,5,Friday,false
20150423,2015-04-23,2015,2,Q2,4,April,Apr,2015-04,2015-04-01,17,4,Thursday,false
20150422,2015-04-22,2015,2,Q2,4,April,Apr,2015-04,2015-04-01,17,3,Wednesday,false
20150421,2015-04-21,2015,2,Q2,4,April,Apr,2015-04,2015-04-01,17,2,Tuesday,false
20150420,2015-04-20,2015,2,Q2,4,April,Apr,2015-04,2015-04-01,17,1,Monday,false
20150419,2015-04-19,2015,2,Q2,4,April,Apr,2015-04,2015-04-01,16,7,Sunday,true
20150418,2015-04-18,2015,2,Q2,4,April,Apr,2015-04,2015-04-01,16,6,Saturday,true
20150417,2015-04-17,2015,2,Q2,4,April,Apr,2015-04,2015-04-01,16,5,Friday,false
20150416,2015-04-16,2015,2,Q2,4,April,Apr,2015-04,2015-04-01,16,4,Thursday,false
20150415,2015-04-15,2015,2,Q2,4,April,Apr,2015-04,2015-04-01,16,3,Wednesday,false
20150414,2015-04-14,2015,2,Q2,4,April,Apr,2015-04,2015-04-01,16,2,Tuesday,false
20150413,2015-04-13,2015,2,Q2,4,April,Apr,2015-04,2015-04-01,16,1,Monday,false
20150412,2015-04-12,2015,2,Q2,4,April,Apr,2015-04,2015-04-01,15,7,Sunday,true
20150411,2015-04-11,2015,2,Q2,4,April,Apr,2015-04,2015-04-01,15,6,Saturday,true
20150410,2015-04-10,2015,2,Q2,4,April,Apr,2015-04,2015-04-01,15,5,Friday,false
20150409,2015-04-09,2015,2,Q2,4,April,Apr,2015-04,2015-04-01,15,4,Thursday,false
20150408,2015-04-08,2015,2,Q2,4,April,Apr,2015-04,2015-04-01,15,3,Wednesday,false
20150407,2015-04-07,2015,2,Q2,4,April,Apr,2015-04,2015-04-01,15,2,Tuesday,false
20150406,2015-04-06,2015,2,Q2,4,April,Apr,2015-04,2015-04-01,15,1,Monday,false
20150405,2015-04-05,2015,2,Q2,4,April,Apr,2015-04,2015-04-01,14,7,Sunday,true
20150404,2015-04-04,2015,2,Q2,4,April,Apr,2015-04,2015-04-01,14,6,Saturday,true
20150403,2015-04-03,2015,2,Q2,4,April,Apr,2015-04,2015-04-01,14,5,Friday,false
20150402,2015-04-02,2015,2,Q2,4,April,Apr,2015-04,2015-04-01,14,4,Thursday,false
20150401,2015-04-01,2015,2,Q2,4,April,Apr,2015-04,2015-04-01,14,3,Wednesday,false
20150331,2015-03-31,2015,1,Q1,3,March,Mar,2015-03,2015-03-01,14,2,Tuesday,false
20150330,2015-03-30,2015,1,Q1,3,March,Mar,2015-03,2015-03-01,14,1,Monday,false
20150329,2015-03-29,2015,1,Q1,3,March,Mar,2015-03,2015-03-01,13,7,Sunday,true
20150328,2015-03-28,2015,1,Q1,3,March,Mar,2015-03,2015-03-01,13,6,Saturday,true
20150327,2015-03-27,2015,1,Q1,3,March,Mar,2015-03,2015-03-01,13,5,Friday,false
20150326,2015-03-26,2015,1,Q1,3,March,Mar,2015-03,2015-03-01,13,4,Thursday,false
20150325,2015-03-25,2015,1,Q1,3,March,Mar,2015-03,2015-03-01,13,3,Wednesday,false
20150324,2015-03-24,2015,1,Q1,3,March,Mar,2015-03,2015-03-01,13,2,Tuesday,false
20150323,2015-03-23,2015,1,Q1,3,March,Mar,2015-03,2015-03-01,13,1,Monday,false
20150322,2015-03-22,2015,1,Q1,3,March,Mar,2015-03,2015-03-01,12,7,Sunday,true
20150321,2015-03-21,2015,1,Q1,3,March,Mar,2015-03,2015-03-01,12,6,Saturday,true
20150320,2015-03-20,2015,1,Q1,3,March,Mar,2015-03,2015-03-01,12,5,Friday,false
20150319,2015-03-19,2015,1,Q1,3,March,Mar,2015-03,2015-03-01,12,4,Thursday,false
20150318,2015-03-18,2015,1,Q1,3,March,Mar,2015-03,2015-03-01,12,3,Wednesday,false
20150317,2015-03-17,2015,1,Q1,3,March,Mar,2015-03,2015-03-01,12,2,Tuesday,false
20150316,2015-03-16,2015,1,Q1,3,March,Mar,2015-03,2015-03-01,12,1,Monday,false
20150315,2015-03-15,2015,1,Q1,3,March,Mar,2015-03,2015-03-01,11,7,Sunday,true
20150314,2015-03-14,2015,1,Q1,3,March,Mar,2015-03,2015-03-01,11,6,Saturday,true
20150313,2015-03-13,2015,1,Q1,3,March,Mar,2015-03,2015-03-01,11,5,Friday,false
20150312,2015-03-12,2015,1,Q1,3,March,Mar,2015-03,2015-03-01,11,4,Thursday,false
20150311,2015-03-11,2015,1,Q1,3,March,Mar,2015-03,2015-03-01,11,3,Wednesday,false
20150310,2015-03-10,2015,1,Q1,3,March,Mar,2015-03,2015-03-01,11,2,Tuesday,false
20150309,2015-03-09,2015,1,Q1,3,March,Mar,2015-03,2015-03-01,11,1,Monday,false
20150308,2015-03-08,2015,1,Q1,3,March,Mar,2015-03,2015-03-01,10,7,Sunday,true
20150307,2015-03-07,2015,1,Q1,3,March,Mar,2015-03,2015-03-01,10,6,Saturday,true
20150306,2015-03-06,2015,1,Q1,3,March,Mar,2015-03,2015-03-01,10,5,Friday,false
20150305,2015-03-05,2015,1,Q1,3,March,Mar,2015-03,2015-03-01,10,4,Thursday,false
20150304,2015-03-04,2015,1,Q1,3,March,Mar,2015-03,2015-03-01,10,3,Wednesday,false
20150303,2015-03-03,2015,1,Q1,3,March,Mar,2015-03,2015-03-01,10,2,Tuesday,false
20150302,2015-03-02,2015,1,Q1,3,March,Mar,2015-03,2015-03-01,10,1,Monday,false
20150301,2015-03-01,2015,1,Q1,3,March,Mar,2015-03,2015-03-01,9,7,Sunday,true
20150228,2015-02-28,2015,1,Q1,2,February,Feb,2015-02,2015-02-01,9,6,Saturday,true
20150227,2015-02-27,2015,1,Q1,2,February,Feb,2015-02,2015-02-01,9,5,Friday,false
20150226,2015-02-26,2015,1,Q1,2,February,Feb,2015-02,2015-02-01,9,4,Thursday,false
20150225,2015-02-25,2015,1,Q1,2,February,Feb,2015-02,2015-02-01,9,3,Wednesday,false
20150224,2015-02-24,2015,1,Q1,2,February,Feb,2015-02,2015-02-01,9,2,Tuesday,false
20150223,2015-02-23,2015,1,Q1,2,February,Feb,2015-02,2015-02-01,9,1,Monday,false
20150222,2015-02-22,2015,1,Q1,2,February,Feb,2015-02,2015-02-01,8,7,Sunday,true
20150221,2015-02-21,2015,1,Q1,2,February,Feb,2015-02,2015-02-01,8,6,Saturday,true
20150220,2015-02-20,2015,1,Q1,2,February,Feb,2015-02,2015-02-01,8,5,Friday,false
20150219,2015-02-19,2015,1,Q1,2,February,Feb,2015-02,2015-02-01,8,4,Thursday,false
20150218,2015-02-18,2015,1,Q1,2,February,Feb,2015-02,2015-02-01,8,3,Wednesday,false
20150217,2015-02-17,2015,1,Q1,2,February,Feb,2015-02,2015-02-01,8,2,Tuesday,false
20150216,2015-02-16,2015,1,Q1,2,February,Feb,2015-02,2015-02-01,8,1,Monday,false
20150215,2015-02-15,2015,1,Q1,2,February,Feb,2015-02,2015-02-01,7,7,Sunday,true
20150214,2015-02-14,2015,1,Q1,2,February,Feb,2015-02,2015-02-01,7,6,Saturday,true
20150213,2015-02-13,2015,1,Q1,2,February,Feb,2015-02,2015-02-01,7,5,Friday,false
20150212,2015-02-12,2015,1,Q1,2,February,Feb,2015-02,2015-02-01,7,4,Thursday,false
20150211,2015-02-11,2015,1,Q1,2,February,Feb,2015-02,2015-02-01,7,3,Wednesday,false
20150210,2015-02-10,2015,1,Q1,2,February,Feb,2015-02,2015-02-01,7,2,Tuesday,false
20150209,2015-02-09,2015,1,Q1,2,February,Feb,2015-02,2015-02-01,7,1,Monday,false
20150208,2015-02-08,2015,1,Q1,2,February,Feb,2015-02,2015-02-01,6,7,Sunday,true
20150207,2015-02-07,2015,1,Q1,2,February,Feb,2015-02,2015-02-01,6,6,Saturday,true
20150206,2015-02-06,2015,1,Q1,2,February,Feb,2015-02,2015-02-01,6,5,Friday,false
20150205,2015-02-05,2015,1,Q1,2,February,Feb,2015-02,2015-02-01,6,4,Thursday,false
20150204,2015-02-04,2015,1,Q1,2,February,Feb,2015-02,2015-02-01,6,3,Wednesday,false
20150203,2015-02-03,2015,1,Q1,2,February,Feb,2015-02,2015-02-01,6,2,Tuesday,false
20150202,2015-02-02,2015,1,Q1,2,February,Feb,2015-02,2015-02-01,6,1,Monday,false
20150201,2015-02-01,2015,1,Q1,2,February,Feb,2015-02,2015-02-01,5,7,Sunday,true
20150131,2015-01-31,2015,1,Q1,1,January,Jan,2015-01,2015-01-01,5,6,Saturday,true
20150130,2015-01-30,2015,1,Q1,1,January,Jan,2015-01,2015-01-01,5,5,Friday,false
20150129,2015-01-29,2015,1,Q1,1,January,Jan,2015-01,2015-01-01,5,4,Thursday,false
20150128,2015-01-28,2015,1,Q1,1,January,Jan,2015-01,2015-01-01,5,3,Wednesday,false
20150127,2015-01-27,2015,1,Q1,1,January,Jan,2015-01,2015-01-01,5,2,Tuesday,false
20150126,2015-01-26,2015,1,Q1,1,January,Jan,2015-01,2015-01-01,5,1,Monday,false
20150125,2015-01-25,2015,1,Q1,1,January,Jan,2015-01,2015-01-01,4,7,Sunday,true
20150124,2015-01-24,2015,1,Q1,1,January,Jan,2015-01,2015-01-01,4,6,Saturday,true
20150123,2015-01-23,2015,1,Q1,1,January,Jan,2015-01,2015-01-01,4,5,Friday,false
20150122,2015-01-22,2015,1,Q1,1,January,Jan,2015-01,2015-01-01,4,4,Thursday,false
20150121,2015-01-21,2015,1,Q1,1,January,Jan,2015-01,2015-01-01,4,3,Wednesday,false
20150120,2015-01-20,2015,1,Q1,1,January,Jan,2015-01,2015-01-01,4,2,Tuesday,false
20150119,2015-01-19,2015,1,Q1,1,January,Jan,2015-01,2015-01-01,4,1,Monday,false
20150118,2015-01-18,2015,1,Q1,1,January,Jan,2015-01,2015-01-01,3,7,Sunday,true
20150117,2015-01-17,2015,1,Q1,1,January,Jan,2015-01,2015-01-01,3,6,Saturday,true
20150116,2015-01-16,2015,1,Q1,1,January,Jan,2015-01,2015-01-01,3,5,Friday,false
20150115,2015-01-15,2015,1,Q1,1,January,Jan,2015-01,2015-01-01,3,4,Thursday,false
20150114,2015-01-14,2015,1,Q1,1,January,Jan,2015-01,2015-01-01,3,3,Wednesday,false
20150113,2015-01-13,2015,1,Q1,1,January,Jan,2015-01,2015-01-01,3,2,Tuesday,false
20150112,2015-01-12,2015,1,Q1,1,January,Jan,2015-01,2015-01-01,3,1,Monday,false
20150111,2015-01-11,2015,1,Q1,1,January,Jan,2015-01,2015-01-01,2,7,Sunday,true
20150110,2015-01-10,2015,1,Q1,1,January,Jan,2015-01,2015-01-01,2,6,Saturday,true
20150109,2015-01-09,2015,1,Q1,1,January,Jan,2015-01,2015-01-01,2,5,Friday,false
20150108,2015-01-08,2015,1,Q1,1,January,Jan,2015-01,2015-01-01,2,4,Thursday,false
20150107,2015-01-07,2015,1,Q1,1,January,Jan,2015-01,2015-01-01,2,3,Wednesday,false
20150106,2015-01-06,2015,1,Q1,1,January,Jan,2015-01,2015-01-01,2,2,Tuesday,false
20150105,2015-01-05,2015,1,Q1,1,January,Jan,2015-01,2015-01-01,2,1,Monday,false
20150104,2015-01-04,2015,1,Q1,1,January,Jan,2015-01,2015-01-01,1,7,Sunday,true
20150103,2015-01-03,2015,1,Q1,1,January,Jan,2015-01,2015-01-01,1,6,Saturday,true
20150102,2015-01-02,2015,1,Q1,1,January,Jan,2015-01,2015-01-01,1,5,Friday,false
20150101,2015-01-01,2015,1,Q1,1,January,Jan,2015-01,2015-01-01,1,4,Thursday,false
20141231,2014-12-31,2014,4,Q4,12,December,Dec,2014-12,2014-12-01,1,3,Wednesday,false
20141230,2014-12-30,2014,4,Q4,12,December,Dec,2014-12,2014-12-01,1,2,Tuesday,false
20141229,2014-12-29,2014,4,Q4,12,December,Dec,2014-12,2014-12-01,1,1,Monday,false
20141228,2014-12-28,2014,4,Q4,12,December,Dec,2014-12,2014-12-01,52,7,Sunday,true
20141227,2014-12-27,2014,4,Q4,12,December,Dec,2014-12,2014-12-01,52,6,Saturday,true
20141226,2014-12-26,2014,4,Q4,12,December,Dec,2014-12,2014-12-01,52,5,Friday,false
20141225,2014-12-25,2014,4,Q4,12,December,Dec,2014-12,2014-12-01,52,4,Thursday,false
20141224,2014-12-24,2014,4,Q4,12,December,Dec,2014-12,2014-12-01,52,3,Wednesday,false
20141223,2014-12-23,2014,4,Q4,12,December,Dec,2014-12,2014-12-01,52,2,Tuesday,false
20141222,2014-12-22,2014,4,Q4,12,December,Dec,2014-12,2014-12-01,52,1,Monday,false
20141221,2014-12-21,2014,4,Q4,12,December,Dec,2014-12,2014-12-01,51,7,Sunday,true
20141220,2014-12-20,2014,4,Q4,12,December,Dec,2014-12,2014-12-01,51,6,Saturday,true
20141219,2014-12-19,2014,4,Q4,12,December,Dec,2014-12,2014-12-01,51,5,Friday,false
20141218,2014-12-18,2014,4,Q4,12,December,Dec,2014-12,2014-12-01,51,4,Thursday,false
20141217,2014-12-17,2014,4,Q4,12,December,Dec,2014-12,2014-12-01,51,3,Wednesday,false
20141216,2014-12-16,2014,4,Q4,12,December,Dec,2014-12,2014-12-01,51,2,Tuesday,false
20141215,2014-12-15,2014,4,Q4,12,December,Dec,2014-12,2014-12-01,51,1,Monday,false
20141214,2014-12-14,2014,4,Q4,12,December,Dec,2014-12,2014-12-01,50,7,Sunday,true
20141213,2014-12-13,2014,4,Q4,12,December,Dec,2014-12,2014-12-01,50,6,Saturday,true
20141212,2014-12-12,2014,4,Q4,12,December,Dec,2014-12,2014-12-01,50,5,Friday,false
20141211,2014-12-11,2014,4,Q4,12,December,Dec,2014-12,2014-12-01,50,4,Thursday,false
20141210,2014-12-10,2014,4,Q4,12,December,Dec,2014-12,2014-12-01,50,3,Wednesday,false
20141209,2014-12-09,2014,4,Q4,12,December,Dec,2014-12,2014-12-01,50,2,Tuesday,false
20141208,2014-12-08,2014,4,Q4,12,December,Dec,2014-12,2014-12-01,50,1,Monday,false
20141207,2014-12-07,2014,4,Q4,12,December,Dec,2014-12,2014-12-01,49,7,Sunday,true
20141206,2014-12-06,2014,4,Q4,12,December,Dec,2014-12,2014-12-01,49,6,Saturday,true
20141205,2014-12-05,2014,4,Q4,12,December,Dec,2014-12,2014-12-01,49,5,Friday,false
20141204,2014-12-04,2014,4,Q4,12,December,Dec,2014-12,2014-12-01,49,4,Thursday,false
20141203,2014-12-03,2014,4,Q4,12,December,Dec,2014-12,2014-12-01,49,3,Wednesday,false
20141202,2014-12-02,2014,4,Q4,12,December,Dec,2014-12,2014-12-01,49,2,Tuesday,false
20141201,2014-12-01,2014,4,Q4,12,December,Dec,2014-12,2014-12-01,49,1,Monday,false
20141130,2014-11-30,2014,4,Q4,11,November,Nov,2014-11,2014-11-01,48,7,Sunday,true
20141129,2014-11-29,2014,4,Q4,11,November,Nov,2014-11,2014-11-01,48,6,Saturday,true
20141128,2014-11-28,2014,4,Q4,11,November,Nov,2014-11,2014-11-01,48,5,Friday,false
20141127,2014-11-27,2014,4,Q4,11,November,Nov,2014-11,2014-11-01,48,4,Thursday,false
20141126,2014-11-26,2014,4,Q4,11,November,Nov,2014-11,2014-11-01,48,3,Wednesday,false
20141125,2014-11-25,2014,4,Q4,11,November,Nov,2014-11,2014-11-01,48,2,Tuesday,false
20141124,2014-11-24,2014,4,Q4,11,November,Nov,2014-11,2014-11-01,48,1,Monday,false
20141123,2014-11-23,2014,4,Q4,11,November,Nov,2014-11,2014-11-01,47,7,Sunday,true
20141122,2014-11-22,2014,4,Q4,11,November,Nov,2014-11,2014-11-01,47,6,Saturday,true
20141121,2014-11-21,2014,4,Q4,11,November,Nov,2014-11,2014-11-01,47,5,Friday,false
20141120,2014-11-20,2014,4,Q4,11,November,Nov,2014-11,2014-11-01,47,4,Thursday,false
20141119,2014-11-19,2014,4,Q4,11,November,Nov,2014-11,2014-11-01,47,3,Wednesday,false
20141118,2014-11-18,2014,4,Q4,11,November,Nov,2014-11,2014-11-01,47,2,Tuesday,false
20141117,2014-11-17,2014,4,Q4,11,November,Nov,2014-11,2014-11-01,47,1,Monday,false
20141116,2014-11-16,2014,4,Q4,11,November,Nov,2014-11,2014-11-01,46,7,Sunday,true
20141115,2014-11-15,2014,4,Q4,11,November,Nov,2014-11,2014-11-01,46,6,Saturday,true
20141114,2014-11-14,2014,4,Q4,11,November,Nov,2014-11,2014-11-01,46,5,Friday,false
20141113,2014-11-13,2014,4,Q4,11,November,Nov,2014-11,2014-11-01,46,4,Thursday,false
20141112,2014-11-12,2014,4,Q4,11,November,Nov,2014-11,2014-11-01,46,3,Wednesday,false
20141111,2014-11-11,2014,4,Q4,11,November,Nov,2014-11,2014-11-01,46,2,Tuesday,false
20141110,2014-11-10,2014,4,Q4,11,November,Nov,2014-11,2014-11-01,46,1,Monday,false
20141109,2014-11-09,2014,4,Q4,11,November,Nov,2014-11,2014-11-01,45,7,Sunday,true
20141108,2014-11-08,2014,4,Q4,11,November,Nov,2014-11,2014-11-01,45,6,Saturday,true
20141107,2014-11-07,2014,4,Q4,11,November,Nov,2014-11,2014-11-01,45,5,Friday,false
20141106,2014-11-06,2014,4,Q4,11,November,Nov,2014-11,2014-11-01,45,4,Thursday,false
20141105,2014-11-05,2014,4,Q4,11,November,Nov,2014-11,2014-11-01,45,3,Wednesday,false
20141104,2014-11-04,2014,4,Q4,11,November,Nov,2014-11,2014-11-01,45,2,Tuesday,false
20141103,2014-11-03,2014,4,Q4,11,November,Nov,2014-11,2014-11-01,45,1,Monday,false
20141102,2014-11-02,2014,4,Q4,11,November,Nov,2014-11,2014-11-01,44,7,Sunday,true
20141101,2014-11-01,2014,4,Q4,11,November,Nov,2014-11,2014-11-01,44,6,Saturday,true
20141031,2014-10-31,2014,4,Q4,10,October,Oct,2014-10,2014-10-01,44,5,Friday,false
20141030,2014-10-30,2014,4,Q4,10,October,Oct,2014-10,2014-10-01,44,4,Thursday,false
20141029,2014-10-29,2014,4,Q4,10,October,Oct,2014-10,2014-10-01,44,3,Wednesday,false
20141028,2014-10-28,2014,4,Q4,10,October,Oct,2014-10,2014-10-01,44,2,Tuesday,false
20141027,2014-10-27,2014,4,Q4,10,October,Oct,2014-10,2014-10-01,44,1,Monday,false
20141026,2014-10-26,2014,4,Q4,10,October,Oct,2014-10,2014-10-01,43,7,Sunday,true
20141025,2014-10-25,2014,4,Q4,10,October,Oct,2014-10,2014-10-01,43,6,Saturday,true
20141024,2014-10-24,2014,4,Q4,10,October,Oct,2014-10,2014-10-01,43,5,Friday,false
20141023,2014-10-23,2014,4,Q4,10,October,Oct,2014-10,2014-10-01,43,4,Thursday,false
20141022,2014-10-22,2014,4,Q4,10,October,Oct,2014-10,2014-10-01,43,3,Wednesday,false
20141021,2014-10-21,2014,4,Q4,10,October,Oct,2014-10,2014-10-01,43,2,Tuesday,false
20141020,2014-10-20,2014,4,Q4,10,October,Oct,2014-10,2014-10-01,43,1,Monday,false
20141019,2014-10-19,2014,4,Q4,10,October,Oct,2014-10,2014-10-01,42,7,Sunday,true
20141018,2014-10-18,2014,4,Q4,10,October,Oct,2014-10,2014-10-01,42,6,Saturday,true
20141017,2014-10-17,2014,4,Q4,10,October,Oct,2014-10,2014-10-01,42,5,Friday,false
20141016,2014-10-16,2014,4,Q4,10,October,Oct,2014-10,2014-10-01,42,4,Thursday,false
20141015,2014-10-15,2014,4,Q4,10,October,Oct,2014-10,2014-10-01,42,3,Wednesday,false
20141014,2014-10-14,2014,4,Q4,10,October,Oct,2014-10,2014-10-01,42,2,Tuesday,false
20141013,2014-10-13,2014,4,Q4,10,October,Oct,2014-10,2014-10-01,42,1,Monday,false
20141012,2014-10-12,2014,4,Q4,10,October,Oct,2014-10,2014-10-01,41,7,Sunday,true
20141011,2014-10-11,2014,4,Q4,10,October,Oct,2014-10,2014-10-01,41,6,Saturday,true
20141010,2014-10-10,2014,4,Q4,10,October,Oct,2014-10,2014-10-01,41,5,Friday,false
20141009,2014-10-09,2014,4,Q4,10,October,Oct,2014-10,2014-10-01,41,4,Thursday,false
20141008,2014-10-08,2014,4,Q4,10,October,Oct,2014-10,2014-10-01,41,3,Wednesday,false
20141007,2014-10-07,2014,4,Q4,10,October,Oct,2014-10,2014-10-01,41,2,Tuesday,false
20141006,2014-10-06,2014,4,Q4,10,October,Oct,2014-10,2014-10-01,41,1,Monday,false
20141005,2014-10-05,2014,4,Q4,10,October,Oct,2014-10,2014-10-01,40,7,Sunday,true
20141004,2014-10-04,2014,4,Q4,10,October,Oct,2014-10,2014-10-01,40,6,Saturday,true
20141003,2014-10-03,2014,4,Q4,10,October,Oct,2014-10,2014-10-01,40,5,Friday,false
20141002,2014-10-02,2014,4,Q4,10,October,Oct,2014-10,2014-10-01,40,4,Thursday,false
20141001,2014-10-01,2014,4,Q4,10,October,Oct,2014-10,2014-10-01,40,3,Wednesday,false
20140930,2014-09-30,2014,3,Q3,9,September,Sep,2014-09,2014-09-01,40,2,Tuesday,false
20140929,2014-09-29,2014,3,Q3,9,September,Sep,2014-09,2014-09-01,40,1,Monday,false
20140928,2014-09-28,2014,3,Q3,9,September,Sep,2014-09,2014-09-01,39,7,Sunday,true
20140927,2014-09-27,2014,3,Q3,9,September,Sep,2014-09,2014-09-01,39,6,Saturday,true
20140926,2014-09-26,2014,3,Q3,9,September,Sep,2014-09,2014-09-01,39,5,Friday,false
20140925,2014-09-25,2014,3,Q3,9,September,Sep,2014-09,2014-09-01,39,4,Thursday,false
20140924,2014-09-24,2014,3,Q3,9,September,Sep,2014-09,2014-09-01,39,3,Wednesday,false
20140923,2014-09-23,2014,3,Q3,9,September,Sep,2014-09,2014-09-01,39,2,Tuesday,false
20140922,2014-09-22,2014,3,Q3,9,September,Sep,2014-09,2014-09-01,39,1,Monday,false
20140921,2014-09-21,2014,3,Q3,9,September,Sep,2014-09,2014-09-01,38,7,Sunday,true
20140920,2014-09-20,2014,3,Q3,9,September,Sep,2014-09,2014-09-01,38,6,Saturday,true
20140919,2014-09-19,2014,3,Q3,9,September,Sep,2014-09,2014-09-01,38,5,Friday,false
20140918,2014-09-18,2014,3,Q3,9,September,Sep,2014-09,2014-09-01,38,4,Thursday,false
20140917,2014-09-17,2014,3,Q3,9,September,Sep,2014-09,2014-09-01,38,3,Wednesday,false
20140916,2014-09-16,2014,3,Q3,9,September,Sep,2014-09,2014-09-01,38,2,Tuesday,false
20140915,2014-09-15,2014,3,Q3,9,September,Sep,2014-09,2014-09-01,38,1,Monday,false
20140914,2014-09-14,2014,3,Q3,9,September,Sep,2014-09,2014-09-01,37,7,Sunday,true
20140913,2014-09-13,2014,3,Q3,9,September,Sep,2014-09,2014-09-01,37,6,Saturday,true
20140912,2014-09-12,2014,3,Q3,9,September,Sep,2014-09,2014-09-01,37,5,Friday,false
20140911,2014-09-11,2014,3,Q3,9,September,Sep,2014-09,2014-09-01,37,4,Thursday,false
20140910,2014-09-10,2014,3,Q3,9,September,Sep,2014-09,2014-09-01,37,3,Wednesday,false
20140909,2014-09-09,2014,3,Q3,9,September,Sep,2014-09,2014-09-01,37,2,Tuesday,false
20140908,2014-09-08,2014,3,Q3,9,September,Sep,2014-09,2014-09-01,37,1,Monday,false
20140907,2014-09-07,2014,3,Q3,9,September,Sep,2014-09,2014-09-01,36,7,Sunday,true
20140906,2014-09-06,2014,3,Q3,9,September,Sep,2014-09,2014-09-01,36,6,Saturday,true
20140905,2014-09-05,2014,3,Q3,9,September,Sep,2014-09,2014-09-01,36,5,Friday,false
20140904,2014-09-04,2014,3,Q3,9,September,Sep,2014-09,2014-09-01,36,4,Thursday,false
20140903,2014-09-03,2014,3,Q3,9,September,Sep,2014-09,2014-09-01,36,3,Wednesday,false
20140902,2014-09-02,2014,3,Q3,9,September,Sep,2014-09,2014-09-01,36,2,Tuesday,false
20140901,2014-09-01,2014,3,Q3,9,September,Sep,2014-09,2014-09-01,36,1,Monday,false
20140831,2014-08-31,2014,3,Q3,8,August,Aug,2014-08,2014-08-01,35,7,Sunday,true
20140830,2014-08-30,2014,3,Q3,8,August,Aug,2014-08,2014-08-01,35,6,Saturday,true
20140829,2014-08-29,2014,3,Q3,8,August,Aug,2014-08,2014-08-01,35,5,Friday,false
20140828,2014-08-28,2014,3,Q3,8,August,Aug,2014-08,2014-08-01,35,4,Thursday,false
20140827,2014-08-27,2014,3,Q3,8,August,Aug,2014-08,2014-08-01,35,3,Wednesday,false
20140826,2014-08-26,2014,3,Q3,8,August,Aug,2014-08,2014-08-01,35,2,Tuesday,false
20140825,2014-08-25,2014,3,Q3,8,August,Aug,2014-08,2014-08-01,35,1,Monday,false
20140824,2014-08-24,2014,3,Q3,8,August,Aug,2014-08,2014-08-01,34,7,Sunday,true
20140823,2014-08-23,2014,3,Q3,8,August,Aug,2014-08,2014-08-01,34,6,Saturday,true
20140822,2014-08-22,2014,3,Q3,8,August,Aug,2014-08,2014-08-01,34,5,Friday,false
20140821,2014-08-21,2014,3,Q3,8,August,Aug,2014-08,2014-08-01,34,4,Thursday,false
20140820,2014-08-20,2014,3,Q3,8,August,Aug,2014-08,2014-08-01,34,3,Wednesday,false
20140819,2014-08-19,2014,3,Q3,8,August,Aug,2014-08,2014-08-01,34,2,Tuesday,false
20140818,2014-08-18,2014,3,Q3,8,August,Aug,2014-08,2014-08-01,34,1,Monday,false
20140817,2014-08-17,2014,3,Q3,8,August,Aug,2014-08,2014-08-01,33,7,Sunday,true
20140816,2014-08-16,2014,3,Q3,8,August,Aug,2014-08,2014-08-01,33,6,Saturday,true
20140815,2014-08-15,2014,3,Q3,8,August,Aug,2014-08,2014-08-01,33,5,Friday,false
20140814,2014-08-14,2014,3,Q3,8,August,Aug,2014-08,2014-08-01,33,4,Thursday,false
20140813,2014-08-13,2014,3,Q3,8,August,Aug,2014-08,2014-08-01,33,3,Wednesday,false
20140812,2014-08-12,2014,3,Q3,8,August,Aug,2014-08,2014-08-01,33,2,Tuesday,false
20140811,2014-08-11,2014,3,Q3,8,August,Aug,2014-08,2014-08-01,33,1,Monday,false
20140810,2014-08-10,2014,3,Q3,8,August,Aug,2014-08,2014-08-01,32,7,Sunday,true
20140809,2014-08-09,2014,3,Q3,8,August,Aug,2014-08,2014-08-01,32,6,Saturday,true
20140808,2014-08-08,2014,3,Q3,8,August,Aug,2014-08,2014-08-01,32,5,Friday,false
20140807,2014-08-07,2014,3,Q3,8,August,Aug,2014-08,2014-08-01,32,4,Thursday,false
20140806,2014-08-06,2014,3,Q3,8,August,Aug,2014-08,2014-08-01,32,3,Wednesday,false
20140805,2014-08-05,2014,3,Q3,8,August,Aug,2014-08,2014-08-01,32,2,Tuesday,false
20140804,2014-08-04,2014,3,Q3,8,August,Aug,2014-08,2014-08-01,32,1,Monday,false
20140803,2014-08-03,2014,3,Q3,8,August,Aug,2014-08,2014-08-01,31,7,Sunday,true
20140802,2014-08-02,2014,3,Q3,8,August,Aug,2014-08,2014-08-01,31,6,Saturday,true
20140801,2014-08-01,2014,3,Q3,8,August,Aug,2014-08,2014-08-01,31,5,Friday,false
20140731,2014-07-31,2014,3,Q3,7,July,Jul,2014-07,2014-07-01,31,4,Thursday,false
20140730,2014-07-30,2014,3,Q3,7,July,Jul,2014-07,2014-07-01,31,3,Wednesday,false
20140729,2014-07-29,2014,3,Q3,7,July,Jul,2014-07,2014-07-01,31,2,Tuesday,false
20140728,2014-07-28,2014,3,Q3,7,July,Jul,2014-07,2014-07-01,31,1,Monday,false
20140727,2014-07-27,2014,3,Q3,7,July,Jul,2014-07,2014-07-01,30,7,Sunday,true
20140726,2014-07-26,2014,3,Q3,7,July,Jul,2014-07,2014-07-01,30,6,Saturday,true
20140725,2014-07-25,2014,3,Q3,7,July,Jul,2014-07,2014-07-01,30,5,Friday,false
20140724,2014-07-24,2014,3,Q3,7,July,Jul,2014-07,2014-07-01,30,4,Thursday,false
20140723,2014-07-23,2014,3,Q3,7,July,Jul,2014-07,2014-07-01,30,3,Wednesday,false
20140722,2014-07-22,2014,3,Q3,7,July,Jul,2014-07,2014-07-01,30,2,Tuesday,false
20140721,2014-07-21,2014,3,Q3,7,July,Jul,2014-07,2014-07-01,30,1,Monday,false
20140720,2014-07-20,2014,3,Q3,7,July,Jul,2014-07,2014-07-01,29,7,Sunday,true
20140719,2014-07-19,2014,3,Q3,7,July,Jul,2014-07,2014-07-01,29,6,Saturday,true
20140718,2014-07-18,2014,3,Q3,7,July,Jul,2014-07,2014-07-01,29,5,Friday,false
20140717,2014-07-17,2014,3,Q3,7,July,Jul,2014-07,2014-07-01,29,4,Thursday,false
20140716,2014-07-16,2014,3,Q3,7,July,Jul,2014-07,2014-07-01,29,3,Wednesday,false
20140715,2014-07-15,2014,3,Q3,7,July,Jul,2014-07,2014-07-01,29,2,Tuesday,false
20140714,2014-07-14,2014,3,Q3,7,July,Jul,2014-07,2014-07-01,29,1,Monday,false
20140713,2014-07-13,2014,3,Q3,7,July,Jul,2014-07,2014-07-01,28,7,Sunday,true
20140712,2014-07-12,2014,3,Q3,7,July,Jul,2014-07,2014-07-01,28,6,Saturday,true
20140711,2014-07-11,2014,3,Q3,7,July,Jul,2014-07,2014-07-01,28,5,Friday,false
20140710,2014-07-10,2014,3,Q3,7,July,Jul,2014-07,2014-07-01,28,4,Thursday,false
20140709,2014-07-09,2014,3,Q3,7,July,Jul,2014-07,2014-07-01,28,3,Wednesday,false
20140708,2014-07-08,2014,3,Q3,7,July,Jul,2014-07,2014-07-01,28,2,Tuesday,false
20140707,2014-07-07,2014,3,Q3,7,July,Jul,2014-07,2014-07-01,28,1,Monday,false
20140706,2014-07-06,2014,3,Q3,7,July,Jul,2014-07,2014-07-01,27,7,Sunday,true
20140705,2014-07-05,2014,3,Q3,7,July,Jul,2014-07,2014-07-01,27,6,Saturday,true
20140704,2014-07-04,2014,3,Q3,7,July,Jul,2014-07,2014-07-01,27,5,Friday,false
20140703,2014-07-03,2014,3,Q3,7,July,Jul,2014-07,2014-07-01,27,4,Thursday,false
20140702,2014-07-02,2014,3,Q3,7,July,Jul,2014-07,2014-07-01,27,3,Wednesday,false
20140701,2014-07-01,2014,3,Q3,7,July,Jul,2014-07,2014-07-01,27,2,Tuesday,false
20140630,2014-06-30,2014,2,Q2,6,June,Jun,2014-06,2014-06-01,27,1,Monday,false
20140629,2014-06-29,2014,2,Q2,6,June,Jun,2014-06,2014-06-01,26,7,Sunday,true
20140628,2014-06-28,2014,2,Q2,6,June,Jun,2014-06,2014-06-01,26,6,Saturday,true
20140627,2014-06-27,2014,2,Q2,6,June,Jun,2014-06,2014-06-01,26,5,Friday,false
20140626,2014-06-26,2014,2,Q2,6,June,Jun,2014-06,2014-06-01,26,4,Thursday,false
20140625,2014-06-25,2014,2,Q2,6,June,Jun,2014-06,2014-06-01,26,3,Wednesday,false
20140624,2014-06-24,2014,2,Q2,6,June,Jun,2014-06,2014-06-01,26,2,Tuesday,false
20140623,2014-06-23,2014,2,Q2,6,June,Jun,2014-06,2014-06-01,26,1,Monday,false
20140622,2014-06-22,2014,2,Q2,6,June,Jun,2014-06,2014-06-01,25,7,Sunday,true
20140621,2014-06-21,2014,2,Q2,6,June,Jun,2014-06,2014-06-01,25,6,Saturday,true
20140620,2014-06-20,2014,2,Q2,6,June,Jun,2014-06,2014-06-01,25,5,Friday,false
20140619,2014-06-19,2014,2,Q2,6,June,Jun,2014-06,2014-06-01,25,4,Thursday,false
20140618,2014-06-18,2014,2,Q2,6,June,Jun,2014-06,2014-06-01,25,3,Wednesday,false
20140617,2014-06-17,2014,2,Q2,6,June,Jun,2014-06,2014-06-01,25,2,Tuesday,false
20140616,2014-06-16,2014,2,Q2,6,June,Jun,2014-06,2014-06-01,25,1,Monday,false
20140615,2014-06-15,2014,2,Q2,6,June,Jun,2014-06,2014-06-01,24,7,Sunday,true
20140614,2014-06-14,2014,2,Q2,6,June,Jun,2014-06,2014-06-01,24,6,Saturday,true
20140613,2014-06-13,2014,2,Q2,6,June,Jun,2014-06,2014-06-01,24,5,Friday,false
20140612,2014-06-12,2014,2,Q2,6,June,Jun,2014-06,2014-06-01,24,4,Thursday,false
20140611,2014-06-11,2014,2,Q2,6,June,Jun,2014-06,2014-06-01,24,3,Wednesday,false
20140610,2014-06-10,2014,2,Q2,6,June,Jun,2014-06,2014-06-01,24,2,Tuesday,false
20140609,2014-06-09,2014,2,Q2,6,June,Jun,2014-06,2014-06-01,24,1,Monday,false
20140608,2014-06-08,2014,2,Q2,6,June,Jun,2014-06,2014-06-01,23,7,Sunday,true
20140607,2014-06-07,2014,2,Q2,6,June,Jun,2014-06,2014-06-01,23,6,Saturday,true
20140606,2014-06-06,2014,2,Q2,6,June,Jun,2014-06,2014-06-01,23,5,Friday,false
20140605,2014-06-05,2014,2,Q2,6,June,Jun,2014-06,2014-06-01,23,4,Thursday,false
20140604,2014-06-04,2014,2,Q2,6,June,Jun,2014-06,2014-06-01,23,3,Wednesday,false
20140603,2014-06-03,2014,2,Q2,6,June,Jun,2014-06,2014-06-01,23,2,Tuesday,false
20140602,2014-06-02,2014,2,Q2,6,June,Jun,2014-06,2014-06-01,23,1,Monday,false
20140601,2014-06-01,2014,2,Q2,6,June,Jun,2014-06,2014-06-01,22,7,Sunday,true
20140531,2014-05-31,2014,2,Q2,5,May,May,2014-05,2014-05-01,22,6,Saturday,true
20140530,2014-05-30,2014,2,Q2,5,May,May,2014-05,2014-05-01,22,5,Friday,false
20140529,2014-05-29,2014,2,Q2,5,May,May,2014-05,2014-05-01,22,4,Thursday,false
20140528,2014-05-28,2014,2,Q2,5,May,May,2014-05,2014-05-01,22,3,Wednesday,false
20140527,2014-05-27,2014,2,Q2,5,May,May,2014-05,2014-05-01,22,2,Tuesday,false
20140526,2014-05-26,2014,2,Q2,5,May,May,2014-05,2014-05-01,22,1,Monday,false
20140525,2014-05-25,2014,2,Q2,5,May,May,2014-05,2014-05-01,21,7,Sunday,true
20140524,2014-05-24,2014,2,Q2,5,May,May,2014-05,2014-05-01,21,6,Saturday,true
20140523,2014-05-23,2014,2,Q2,5,May,May,2014-05,2014-05-01,21,5,Friday,false
20140522,2014-05-22,2014,2,Q2,5,May,May,2014-05,2014-05-01,21,4,Thursday,false
20140521,2014-05-21,2014,2,Q2,5,May,May,2014-05,2014-05-01,21,3,Wednesday,false
20140520,2014-05-20,2014,2,Q2,5,May,May,2014-05,2014-05-01,21,2,Tuesday,false
20140519,2014-05-19,2014,2,Q2,5,May,May,2014-05,2014-05-01,21,1,Monday,false
20140518,2014-05-18,2014,2,Q2,5,May,May,2014-05,2014-05-01,20,7,Sunday,true
20140517,2014-05-17,2014,2,Q2,5,May,May,2014-05,2014-05-01,20,6,Saturday,true
20140516,2014-05-16,2014,2,Q2,5,May,May,2014-05,2014-05-01,20,5,Friday,false
20140515,2014-05-15,2014,2,Q2,5,May,May,2014-05,2014-05-01,20,4,Thursday,false
20140514,2014-05-14,2014,2,Q2,5,May,May,2014-05,2014-05-01,20,3,Wednesday,false
20140513,2014-05-13,2014,2,Q2,5,May,May,2014-05,2014-05-01,20,2,Tuesday,false
20140512,2014-05-12,2014,2,Q2,5,May,May,2014-05,2014-05-01,20,1,Monday,false
20140511,2014-05-11,2014,2,Q2,5,May,May,2014-05,2014-05-01,19,7,Sunday,true
20140510,2014-05-10,2014,2,Q2,5,May,May,2014-05,2014-05-01,19,6,Saturday,true
20140509,2014-05-09,2014,2,Q2,5,May,May,2014-05,2014-05-01,19,5,Friday,false
20140508,2014-05-08,2014,2,Q2,5,May,May,2014-05,2014-05-01,19,4,Thursday,false
20140507,2014-05-07,2014,2,Q2,5,May,May,2014-05,2014-05-01,19,3,Wednesday,false
20140506,2014-05-06,2014,2,Q2,5,May,May,2014-05,2014-05-01,19,2,Tuesday,false
20140505,2014-05-05,2014,2,Q2,5,May,May,2014-05,2014-05-01,19,1,Monday,false
20140504,2014-05-04,2014,2,Q2,5,May,May,2014-05,2014-05-01,18,7,Sunday,true
20140503,2014-05-03,2014,2,Q2,5,May,May,2014-05,2014-05-01,18,6,Saturday,true
20140502,2014-05-02,2014,2,Q2,5,May,May,2014-05,2014-05-01,18,5,Friday,false
20140501,2014-05-01,2014,2,Q2,5,May,May,2014-05,2014-05-01,18,4,Thursday,false
20140430,2014-04-30,2014,2,Q2,4,April,Apr,2014-04,2014-04-01,18,3,Wednesday,false
20140429,2014-04-29,2014,2,Q2,4,April,Apr,2014-04,2014-04-01,18,2,Tuesday,false
20140428,2014-04-28,2014,2,Q2,4,April,Apr,2014-04,2014-04-01,18,1,Monday,false
20140427,2014-04-27,2014,2,Q2,4,April,Apr,2014-04,2014-04-01,17,7,Sunday,true
20140426,2014-04-26,2014,2,Q2,4,April,Apr,2014-04,2014-04-01,17,6,Saturday,true
20140425,2014-04-25,2014,2,Q2,4,April,Apr,2014-04,2014-04-01,17,5,Friday,false
20140424,2014-04-24,2014,2,Q2,4,April,Apr,2014-04,2014-04-01,17,4,Thursday,false
20140423,2014-04-23,2014,2,Q2,4,April,Apr,2014-04,2014-04-01,17,3,Wednesday,false
20140422,2014-04-22,2014,2,Q2,4,April,Apr,2014-04,2014-04-01,17,2,Tuesday,false
20140421,2014-04-21,2014,2,Q2,4,April,Apr,2014-04,2014-04-01,17,1,Monday,false
20140420,2014-04-20,2014,2,Q2,4,April,Apr,2014-04,2014-04-01,16,7,Sunday,true
20140419,2014-04-19,2014,2,Q2,4,April,Apr,2014-04,2014-04-01,16,6,Saturday,true
20140418,2014-04-18,2014,2,Q2,4,April,Apr,2014-04,2014-04-01,16,5,Friday,false
20140417,2014-04-17,2014,2,Q2,4,April,Apr,2014-04,2014-04-01,16,4,Thursday,false
20140416,2014-04-16,2014,2,Q2,4,April,Apr,2014-04,2014-04-01,16,3,Wednesday,false
20140415,2014-04-15,2014,2,Q2,4,April,Apr,2014-04,2014-04-01,16,2,Tuesday,false
20140414,2014-04-14,2014,2,Q2,4,April,Apr,2014-04,2014-04-01,16,1,Monday,false
20140413,2014-04-13,2014,2,Q2,4,April,Apr,2014-04,2014-04-01,15,7,Sunday,true
20140412,2014-04-12,2014,2,Q2,4,April,Apr,2014-04,2014-04-01,15,6,Saturday,true
20140411,2014-04-11,2014,2,Q2,4,April,Apr,2014-04,2014-04-01,15,5,Friday,false
20140410,2014-04-10,2014,2,Q2,4,April,Apr,2014-04,2014-04-01,15,4,Thursday,false
20140409,2014-04-09,2014,2,Q2,4,April,Apr,2014-04,2014-04-01,15,3,Wednesday,false
20140408,2014-04-08,2014,2,Q2,4,April,Apr,2014-04,2014-04-01,15,2,Tuesday,false
20140407,2014-04-07,2014,2,Q2,4,April,Apr,2014-04,2014-04-01,15,1,Monday,false
20140406,2014-04-06,2014,2,Q2,4,April,Apr,2014-04,2014-04-01,14,7,Sunday,true
20140405,2014-04-05,2014,2,Q2,4,April,Apr,2014-04,2014-04-01,14,6,Saturday,true
20140404,2014-04-04,2014,2,Q2,4,April,Apr,2014-04,2014-04-01,14,5,Friday,false
20140403,2014-04-03,2014,2,Q2,4,April,Apr,2014-04,2014-04-01,14,4,Thursday,false
20140402,2014-04-02,2014,2,Q2,4,April,Apr,2014-04,2014-04-01,14,3,Wednesday,false
20140401,2014-04-01,2014,2,Q2,4,April,Apr,2014-04,2014-04-01,14,2,Tuesday,false
20140331,2014-03-31,2014,1,Q1,3,March,Mar,2014-03,2014-03-01,14,1,Monday,false
20140330,2014-03-30,2014,1,Q1,3,March,Mar,2014-03,2014-03-01,13,7,Sunday,true
20140329,2014-03-29,2014,1,Q1,3,March,Mar,2014-03,2014-03-01,13,6,Saturday,true
20140328,2014-03-28,2014,1,Q1,3,March,Mar,2014-03,2014-03-01,13,5,Friday,false
20140327,2014-03-27,2014,1,Q1,3,March,Mar,2014-03,2014-03-01,13,4,Thursday,false
20140326,2014-03-26,2014,1,Q1,3,March,Mar,2014-03,2014-03-01,13,3,Wednesday,false
20140325,2014-03-25,2014,1,Q1,3,March,Mar,2014-03,2014-03-01,13,2,Tuesday,false
20140324,2014-03-24,2014,1,Q1,3,March,Mar,2014-03,2014-03-01,13,1,Monday,false
20140323,2014-03-23,2014,1,Q1,3,March,Mar,2014-03,2014-03-01,12,7,Sunday,true
20140322,2014-03-22,2014,1,Q1,3,March,Mar,2014-03,2014-03-01,12,6,Saturday,true
20140321,2014-03-21,2014,1,Q1,3,March,Mar,2014-03,2014-03-01,12,5,Friday,false
20140320,2014-03-20,2014,1,Q1,3,March,Mar,2014-03,2014-03-01,12,4,Thursday,false
20140319,2014-03-19,2014,1,Q1,3,March,Mar,2014-03,2014-03-01,12,3,Wednesday,false
20140318,2014-03-18,2014,1,Q1,3,March,Mar,2014-03,2014-03-01,12,2,Tuesday,false
20140317,2014-03-17,2014,1,Q1,3,March,Mar,2014-03,2014-03-01,12,1,Monday,false
20140316,2014-03-16,2014,1,Q1,3,March,Mar,2014-03,2014-03-01,11,7,Sunday,true
20140315,2014-03-15,2014,1,Q1,3,March,Mar,2014-03,2014-03-01,11,6,Saturday,true
20140314,2014-03-14,2014,1,Q1,3,March,Mar,2014-03,2014-03-01,11,5,Friday,false
20140313,2014-03-13,2014,1,Q1,3,March,Mar,2014-03,2014-03-01,11,4,Thursday,false
20140312,2014-03-12,2014,1,Q1,3,March,Mar,2014-03,2014-03-01,11,3,Wednesday,false
20140311,2014-03-11,2014,1,Q1,3,March,Mar,2014-03,2014-03-01,11,2,Tuesday,false
20140310,2014-03-10,2014,1,Q1,3,March,Mar,2014-03,2014-03-01,11,1,Monday,false
20140309,2014-03-09,2014,1,Q1,3,March,Mar,2014-03,2014-03-01,10,7,Sunday,true
20140308,2014-03-08,2014,1,Q1,3,March,Mar,2014-03,2014-03-01,10,6,Saturday,true
20140307,2014-03-07,2014,1,Q1,3,March,Mar,2014-03,2014-03-01,10,5,Friday,false
20140306,2014-03-06,2014,1,Q1,3,March,Mar,2014-03,2014-03-01,10,4,Thursday,false
20140305,2014-03-05,2014,1,Q1,3,March,Mar,2014-03,2014-03-01,10,3,Wednesday,false
20140304,2014-03-04,2014,1,Q1,3,March,Mar,2014-03,2014-03-01,10,2,Tuesday,false
20140303,2014-03-03,2014,1,Q1,3,March,Mar,2014-03,2014-03-01,10,1,Monday,false
20140302,2014-03-02,2014,1,Q1,3,March,Mar,2014-03,2014-03-01,9,7,Sunday,true
20140301,2014-03-01,2014,1,Q1,3,March,Mar,2014-03,2014-03-01,9,6,Saturday,true
20140228,2014-02-28,2014,1,Q1,2,February,Feb,2014-02,2014-02-01,9,5,Friday,false
20140227,2014-02-27,2014,1,Q1,2,February,Feb,2014-02,2014-02-01,9,4,Thursday,false
20140226,2014-02-26,2014,1,Q1,2,February,Feb,2014-02,2014-02-01,9,3,Wednesday,false
20140225,2014-02-25,2014,1,Q1,2,February,Feb,2014-02,2014-02-01,9,2,Tuesday,false
20140224,2014-02-24,2014,1,Q1,2,February,Feb,2014-02,2014-02-01,9,1,Monday,false
20140223,2014-02-23,2014,1,Q1,2,February,Feb,2014-02,2014-02-01,8,7,Sunday,true
20140222,2014-02-22,2014,1,Q1,2,February,Feb,2014-02,2014-02-01,8,6,Saturday,true
20140221,2014-02-21,2014,1,Q1,2,February,Feb,2014-02,2014-02-01,8,5,Friday,false
20140220,2014-02-20,2014,1,Q1,2,February,Feb,2014-02,2014-02-01,8,4,Thursday,false
20140219,2014-02-19,2014,1,Q1,2,February,Feb,2014-02,2014-02-01,8,3,Wednesday,false
20140218,2014-02-18,2014,1,Q1,2,February,Feb,2014-02,2014-02-01,8,2,Tuesday,false
20140217,2014-02-17,2014,1,Q1,2,February,Feb,2014-02,2014-02-01,8,1,Monday,false
20140216,2014-02-16,2014,1,Q1,2,February,Feb,2014-02,2014-02-01,7,7,Sunday,true
20140215,2014-02-15,2014,1,Q1,2,February,Feb,2014-02,2014-02-01,7,6,Saturday,true
20140214,2014-02-14,2014,1,Q1,2,February,Feb,2014-02,2014-02-01,7,5,Friday,false
20140213,2014-02-13,2014,1,Q1,2,February,Feb,2014-02,2014-02-01,7,4,Thursday,false
20140212,2014-02-12,2014,1,Q1,2,February,Feb,2014-02,2014-02-01,7,3,Wednesday,false
20140211,2014-02-11,2014,1,Q1,2,February,Feb,2014-02,2014-02-01,7,2,Tuesday,false
20140210,2014-02-10,2014,1,Q1,2,February,Feb,2014-02,2014-02-01,7,1,Monday,false
20140209,2014-02-09,2014,1,Q1,2,February,Feb,2014-02,2014-02-01,6,7,Sunday,true
20140208,2014-02-08,2014,1,Q1,2,February,Feb,2014-02,2014-02-01,6,6,Saturday,true
20140207,2014-02-07,2014,1,Q1,2,February,Feb,2014-02,2014-02-01,6,5,Friday,false
20140206,2014-02-06,2014,1,Q1,2,February,Feb,2014-02,2014-02-01,6,4,Thursday,false
20140205,2014-02-05,2014,1,Q1,2,February,Feb,2014-02,2014-02-01,6,3,Wednesday,false
20140204,2014-02-04,2014,1,Q1,2,February,Feb,2014-02,2014-02-01,6,2,Tuesday,false
20140203,2014-02-03,2014,1,Q1,2,February,Feb,2014-02,2014-02-01,6,1,Monday,false
20140202,2014-02-02,2014,1,Q1,2,February,Feb,2014-02,2014-02-01,5,7,Sunday,true
20140201,2014-02-01,2014,1,Q1,2,February,Feb,2014-02,2014-02-01,5,6,Saturday,true
20140131,2014-01-31,2014,1,Q1,1,January,Jan,2014-01,2014-01-01,5,5,Friday,false
20140130,2014-01-30,2014,1,Q1,1,January,Jan,2014-01,2014-01-01,5,4,Thursday,false
20140129,2014-01-29,2014,1,Q1,1,January,Jan,2014-01,2014-01-01,5,3,Wednesday,false
20140128,2014-01-28,2014,1,Q1,1,January,Jan,2014-01,2014-01-01,5,2,Tuesday,false
20140127,2014-01-27,2014,1,Q1,1,January,Jan,2014-01,2014-01-01,5,1,Monday,false
20140126,2014-01-26,2014,1,Q1,1,January,Jan,2014-01,2014-01-01,4,7,Sunday,true
20140125,2014-01-25,2014,1,Q1,1,January,Jan,2014-01,2014-01-01,4,6,Saturday,true
20140124,2014-01-24,2014,1,Q1,1,January,Jan,2014-01,2014-01-01,4,5,Friday,false
20140123,2014-01-23,2014,1,Q1,1,January,Jan,2014-01,2014-01-01,4,4,Thursday,false
20140122,2014-01-22,2014,1,Q1,1,January,Jan,2014-01,2014-01-01,4,3,Wednesday,false
20140121,2014-01-21,2014,1,Q1,1,January,Jan,2014-01,2014-01-01,4,2,Tuesday,false
20140120,2014-01-20,2014,1,Q1,1,January,Jan,2014-01,2014-01-01,4,1,Monday,false
20140119,2014-01-19,2014,1,Q1,1,January,Jan,2014-01,2014-01-01,3,7,Sunday,true
20140118,2014-01-18,2014,1,Q1,1,January,Jan,2014-01,2014-01-01,3,6,Saturday,true
20140117,2014-01-17,2014,1,Q1,1,January,Jan,2014-01,2014-01-01,3,5,Friday,false
20140116,2014-01-16,2014,1,Q1,1,January,Jan,2014-01,2014-01-01,3,4,Thursday,false
20140115,2014-01-15,2014,1,Q1,1,January,Jan,2014-01,2014-01-01,3,3,Wednesday,false
20140114,2014-01-14,2014,1,Q1,1,January,Jan,2014-01,2014-01-01,3,2,Tuesday,false
20140113,2014-01-13,2014,1,Q1,1,January,Jan,2014-01,2014-01-01,3,1,Monday,false
20140112,2014-01-12,2014,1,Q1,1,January,Jan,2014-01,2014-01-01,2,7,Sunday,true
20140111,2014-01-11,2014,1,Q1,1,January,Jan,2014-01,2014-01-01,2,6,Saturday,true
20140110,2014-01-10,2014,1,Q1,1,January,Jan,2014-01,2014-01-01,2,5,Friday,false
20140109,2014-01-09,2014,1,Q1,1,January,Jan,2014-01,2014-01-01,2,4,Thursday,false
20140108,2014-01-08,2014,1,Q1,1,January,Jan,2014-01,2014-01-01,2,3,Wednesday,false
20140107,2014-01-07,2014,1,Q1,1,January,Jan,2014-01,2014-01-01,2,2,Tuesday,false
20140106,2014-01-06,2014,1,Q1,1,January,Jan,2014-01,2014-01-01,2,1,Monday,false
20140105,2014-01-05,2014,1,Q1,1,January,Jan,2014-01,2014-01-01,1,7,Sunday,true
20140104,2014-01-04,2014,1,Q1,1,January,Jan,2014-01,2014-01-01,1,6,Saturday,true
20140103,2014-01-03,2014,1,Q1,1,January,Jan,2014-01,2014-01-01,1,5,Friday,false
20140102,2014-01-02,2014,1,Q1,1,January,Jan,2014-01,2014-01-01,1,4,Thursday,false
20140101,2014-01-01,2014,1,Q1,1,January,Jan,2014-01,2014-01-01,1,3,Wednesday,false
